timestamp,open,high,low,close,volume,close_time,quote_volume,trades,taker_buy_base,taker_buy_quote
1715731200000,2881.93,3041.36,2863.75,3032.55,350254.3188,1715817599999,1036063008.6,760817,175148.4191,518053714.898658
1715817600000,3032.55,3041.24,2922.8,2944.7,293874.1513,1715903999999,876706595.66,575271,140171.4796,418208240.567446
1715904000000,2944.7,3120.0,2933.06,3092.01,357724.7731,1715990399999,1088374622.99,754274,180386.216,548948430.858192
1715990400000,3092.0,3146.98,3083.61,3122.94,199976.5456,1716076799999,622730956.34,527531,96341.4461,300062897.672429
1716076800000,3122.94,3136.64,3053.38,3071.19,166145.0102,1716163199999,513790068.69,470419,74505.5837,230359925.232981
1716163200000,3071.2,3694.0,3047.67,3661.78,847107.8828,1716249599999,2853349713.67,2226153,442408.9418,1490710929.534518
1716249600000,3661.79,3841.54,3624.28,3789.6,952437.2694,1716335999999,3557244460.36,2204702,471779.518,1762078355.60011
1716336000000,3789.59,3813.69,3653.15,3737.73,574938.3099,1716422399999,2151256432.12,1339940,284002.5913,1062768583.89509
1716422400000,3737.72,3949.29,3498.0,3783.61,1127866.076,1716508799999,4283549690.44,2682768,564546.1661,2145257882.160879
1716508800000,3783.6,3829.61,3626.1,3728.28,479418.4318,1716595199999,1782983862.21,1159074,244045.0104,907694433.158981
1716595200000,3728.28,3779.43,3709.03,3749.26,158711.8992,1716681599999,594438275.81,503711,81761.1157,306215084.302227
1716681600000,3749.25,3884.2,3731.17,3826.47,292208.2937,1716767999999,1115661431.01,697286,145205.4439,554271417.290499
1716768000000,3826.47,3977.0,3823.37,3894.22,363717.6473,1716854399999,1424169372.47,971964,183721.8676,719417955.980629
1716854400000,3894.21,3931.09,3773.9,3844.69,416249.8344,1716940799999,1605074794.25,941338,206643.3559,796958340.18732
1716940800000,3844.69,3888.55,3742.59,3767.43,334759.6348,1717027199999,1274087642.07,883401,170583.4441,649078378.829046
1717027200000,3767.44,3825.35,3702.58,3747.91,277034.2894,1717113599999,1042146006.39,765716,135950.1498,511516684.881294
1717113600000,3747.9,3849.94,3723.75,3762.29,273406.766,1717199999999,1032174005.22,680329,136551.9833,515577099.538579
1717200000000,3762.29,3833.3,3752.67,3815.82,132687.2006,1717286399999,503500622.84,399377,70367.6098,267068560.050883
1717286400000,3815.82,3838.59,3752.62,3780.91,210295.4407,1717372799999,798100737.66,579563,105997.6518,402268605.703981
1717372800000,3780.92,3849.99,3758.43,3767.06,248848.702,1717459199999,946239636.3,648868,125597.9544,477669466.686201
1717459200000,3767.07,3831.65,3730.0,3810.23,232063.7468,1717545599999,878533930.6,568514,120842.2499,457585643.874199
1717545600000,3810.23,3887.47,3777.33,3865.99,273738.6035,1717631999999,1046373693.42,645836,143786.3327,549824316.328025
1717632000000,3866.0,3878.6,3760.0,3813.46,237504.1905,1717718399999,910751773.18,525050,116926.4529,448449925.768107
1717718400000,3813.47,3841.39,3600.0,3678.32,362223.3594,1717804799999,1352307567.24,894006,163680.6805,611499294.849405
1717804800000,3678.31,3709.5,3660.08,3681.57,140550.8394,1717891199999,518118534.04,364485,65014.4392,239672339.125884
1717891200000,3681.58,3721.52,3666.36,3706.4,103451.102,1717977599999,381854484.96,287960,48702.6222,179769963.175974
1717977600000,3706.4,3713.67,3642.74,3667.85,156363.1846,1718063999999,575211243.31,391165,74799.5259,275223031.297943
1718064000000,3667.85,3673.0,3432.0,3497.33,439568.5978,1718150399999,1552225947.17,1036229,207637.6021,733338576.38693
1718150400000,3497.33,3659.01,3462.07,3560.12,387043.774,1718236799999,1384558593.86,850527,187121.7917,669515053.841925
1718236800000,3560.13,3561.65,3428.0,3469.4,300230.8299,1718323199999,1048214494.75,696369,147994.4439,516749769.179875
1718323200000,3469.4,3532.61,3362.26,3481.8,322316.4214,1718409599999,1116570671.85,746613,159447.8145,552550731.446636
1718409600000,3481.8,3594.39,3473.1,3568.74,246649.5894,1718495999999,873576137.28,500773,122544.6026,433959818.418328
1718496000000,3568.75,3653.79,3541.05,3624.41,149839.982,1718582399999,537492821.64,417858,77834.8967,279215755.248148
1718582400000,3624.41,3638.37,3463.39,3511.46,337805.6402,1718668799999,1196162530.92,774085,166343.2052,588834718.234546
1718668800000,3511.47,3517.2,3355.0,3483.42,449913.3014,1718755199999,1541798882.41,1062807,217161.5887,744297791.433542
1718755200000,3483.42,3590.01,3465.65,3560.51,321500.0027,1718841599999,1138419054.65,712501,162762.0238,576256549.358415
1718841600000,3560.51,3625.96,3486.0,3513.08,329117.8453,1718927999999,1170597741.26,743896,161277.7905,573660167.603421
1718928000000,3513.08,3547.55,3446.82,3518.5,342155.102,1719014399999,1197095546.23,746361,176183.038,616476628.149761
1719014400000,3518.5,3521.19,3475.09,3495.75,115774.6157,1719100799999,405045499.42,315684,57671.8414,201786538.368218
1719100800000,3495.76,3521.45,3406.38,3420.91,133411.4304,1719187199999,463204539.06,338679,67467.4686,234264816.828695
1719187200000,3420.91,3435.76,3240.0,3352.73,543370.4229,1719273599999,1807046957.97,1222789,262600.4052,873824151.924763
1719273600000,3352.74,3430.88,3336.76,3394.91,240036.2236,1719359999999,812730026.84,654302,122936.1959,416346006.722906
1719360000000,3394.91,3426.75,3325.01,3371.44,206949.3418,1719446399999,699375819.28,518727,108326.9373,366024176.143489
1719446400000,3371.77,3477.0,3361.74,3450.44,201041.6609,1719532799999,687897292.15,530697,108386.892,370765787.905384
1719532800000,3450.44,3487.7,3365.22,3380.15,221634.3435,1719619199999,760116781.03,934561,117864.7671,404433441.061016
1719619200000,3380.15,3408.32,3371.86,3378.8,88329.7651,1719705599999,299468173.25,365755,47423.3968,160794628.308532
1719705600000,3378.8,3460.0,3352.66,3438.16,141221.6185,1719791999999,480491273.12,557070,80177.9965,272838936.070124
1719792000000,3438.16,3524.94,3423.78,3442.2,224273.2122,1719878399999,780112100.21,854102,121044.94,421096637.788155
1719878400000,3442.2,3464.12,3402.0,3421.35,137932.7014,1719964799999,473853655.52,623720,68282.7584,234617896.703461
1719964800000,3421.35,3432.1,3251.0,3295.48,310408.451,1720051199999,1031040642.95,1378502,143212.6723,475477399.866736
1720051200000,3295.49,3313.45,3050.34,3059.7,450402.5692,1720137599999,1425360058.28,1898898,202136.3683,639814934.746806
1720137600000,3059.7,3110.0,2810.0,2981.78,886994.3753,1720223999999,2602693094.46,2967124,404744.5317,1188081864.6179
1720224000000,2981.79,3081.78,2955.06,3066.83,214487.9713,1720310399999,646245038.48,1055462,112962.821,340494854.011427
1720310400000,3066.83,3073.08,2922.24,2931.0,179892.7612,1720396799999,538755029.46,878707,86519.9115,258997896.839986
1720396800000,2930.99,3097.06,2822.8,3019.01,500445.0105,1720483199999,1484924133.83,2222940,246399.4183,731702626.901893
1720483200000,3019.01,3115.2,3004.0,3066.65,280358.1424,1720569599999,859567747.66,1377129,148692.1493,455973139.541959
1720569600000,3066.65,3151.51,3024.0,3101.05,270827.0844,1720655999999,839730659.37,1296218,134603.8713,417474584.804576
1720656000000,3101.06,3217.24,3054.76,3099.57,289229.32,1720742399999,907129989.22,1413031,148734.7368,466509910.1477
1720742400000,3099.57,3157.89,3045.58,3133.88,185745.1825,1720828799999,575599522.85,1094915,95406.1253,295730714.463656
1720828800000,3133.89,3201.8,3113.37,3175.93,119302.4769,1720915199999,376336968.78,591291,60506.1294,190893440.610938
1720915200000,3175.93,3268.72,3163.67,3245.08,165430.7716,1721001599999,530204017.17,792858,83179.8142,266820311.321886
1721001600000,3245.2,3493.63,3233.22,3483.39,314296.8452,1721087999999,1058747637.29,1617276,161760.1858,544978505.522768
1721088000000,3483.2,3498.59,3346.55,3444.13,376128.7869,1721174399999,1291412549.94,1636557,193947.8823,665961239.711155
1721174400000,3444.14,3517.0,3376.0,3387.05,297812.5162,1721260799999,1029558208.64,1285615,168234.5187,581998341.750337
1721260800000,3387.05,3489.98,3367.2,3426.5,241950.3457,1721347199999,829503482.77,1165443,128938.7441,442179155.873657
1721347200000,3426.49,3540.27,3377.0,3503.53,299511.6422,1721433599999,1034724329.32,1262244,158469.6446,547637460.466815
1721433600000,3503.53,3539.65,3480.0,3517.5,147510.8165,1721519999999,516504071.77,667108,69139.3433,242092830.77753
1721520000000,3517.5,3547.0,3411.4,3535.92,218890.9656,1721606399999,764360242.6,961322,103673.5899,362208133.511289
1721606400000,3535.93,3562.82,3422.34,3439.6,207859.5043,1721692799999,724117324.17,1069762,96899.9188,337741204.49652
1721692800000,3439.61,3541.0,3389.0,3482.51,500568.7811,1721779199999,1737977523.02,1617621,270658.3324,940075969.466857
1721779200000,3482.51,3487.82,3300.0,3335.81,275479.0506,1721865599999,940244066.5,980283,135067.106,461180607.887137
1721865600000,3335.82,3342.5,3087.53,3175.48,494282.6398,1721951999999,1570457188.18,2011527,239121.0612,759567456.513645
1721952000000,3175.47,3286.36,3171.0,3274.61,260237.4641,1722038399999,844064770.72,1169246,128738.672,417477416.189299
1722038400000,3274.6,3327.59,3191.01,3249.01,231991.9037,1722124799999,757931406.55,1076809,118058.3171,385871810.970836
1722124800000,3249.0,3284.3,3198.11,3270.16,103529.8329,1722211199999,336422802.72,682428,52499.4791,170673348.408274
1722211200000,3270.16,3396.77,3258.0,3317.66,318471.5055,1722297599999,1061016180.08,1484898,159686.5707,532117930.525702
1722297600000,3317.66,3366.4,3233.18,3279.21,197277.1641,1722383999999,652703227.8,1183239,91006.5842,301189857.217817
1722384000000,3279.2,3350.0,3213.75,3232.74,233711.3352,1722470399999,769347274.95,1337992,112910.4249,371910899.513719
1722470400000,3232.74,3242.57,3080.02,3203.4,323285.6105,1722556799999,1020921619.45,1835455,151515.291,478652865.101788
1722556800000,3203.4,3218.6,2967.0,2989.61,385704.0395,1722643199999,1185594927.51,2104725,177842.9277,547327363.228976
1722643200000,2989.61,3018.02,2859.0,2903.64,344595.3157,1722729599999,1013020792.75,1798017,151541.6882,445649429.32525
1722729600000,2903.65,2935.46,2630.0,2688.92,512064.2612,1722815999999,1426784556.44,2184760,235563.9823,656402849.740975
1722816000000,2688.91,2697.44,2111.0,2419.59,2670604.1003,1722902399999,6243689817.19,7064159,1281460.7917,2994688528.683906
1722902400000,2419.76,2556.23,2414.19,2461.33,642283.8038,1722988799999,1601879002.77,2870150,323805.053,808046548.679428
1722988800000,2461.33,2551.32,2309.04,2342.8,630115.4228,1723075199999,1537271441.5,2370148,307617.0665,750975466.25288
1723075200000,2342.79,2724.1,2320.4,2682.5,586502.8754,1723161599999,1474101815.47,2112663,299400.9503,752709539.426406
1723161600000,2682.5,2707.98,2552.61,2598.78,406739.9611,1723247999999,1069628608.1,1710060,195440.2941,514507073.994305
1723248000000,2598.79,2644.7,2576.49,2609.92,171012.3619,1723334399999,446695039.69,758863,87017.1045,227278356.489
1723334400000,2609.92,2720.0,2540.0,2555.38,297098.9145,1723420799999,780682452.75,1217650,143129.6465,376123937.078661
1723420800000,2555.38,2750.0,2510.05,2722.3,483414.2506,1723507199999,1275788778.66,1915621,252099.2184,665331112.596738
1723507200000,2722.3,2738.4,2611.37,2702.44,325668.6964,1723593599999,872886595.99,1547949,165417.0546,443554807.911323
1723593600000,2702.44,2780.0,2632.2,2661.45,338808.7141,1723679999999,914805683.9,1503315,167827.7199,453631446.392397
1723680000000,2661.45,2675.6,2515.71,2569.89,356546.8059,1723766399999,927491377.06,1761529,172089.6821,447789574.128691
1723766400000,2569.9,2630.97,2550.04,2592.73,270684.1373,1723852799999,702631292.53,1602311,127687.3984,331506251.81562
1723852800000,2592.72,2629.69,2587.5,2614.51,89348.676,1723939199999,232787181.53,543278,47334.2042,123329370.607968
1723939200000,2614.51,2689.16,2594.53,2612.15,174074.0585,1724025599999,459975824.15,836384,92214.9872,243669152.914624
1724025600000,2612.15,2648.08,2563.58,2636.36,224867.1336,1724111999999,585578272.44,1156033,112686.5275,293606287.965002
1724112000000,2636.36,2695.0,2555.0,2572.82,281315.8751,1724198399999,738361057.6,1303349,139599.9133,366762747.976129
1724198400000,2572.81,2663.74,2536.22,2630.71,245286.6218,1724284799999,638338169.86,1420421,121889.9837,317338706.906728
1724284800000,2630.71,2644.69,2584.2,2622.88,199063.1196,1724371199999,521285357.09,1064195,98645.806,258303739.531237
1724371200000,2622.89,2799.13,2621.4,2762.48,401786.4447,1724457599999,1082989033.02,1747686,210295.5073,567121017.138491
1724457600000,2762.49,2820.0,2731.26,2768.0,263542.9441,1724543999999,730370481.14,1133872,130086.4491,360650474.071654
1724544000000,2768.01,2792.28,2733.21,2746.13,154527.2352,1724630399999,426733399.33,1047985,75993.749,209910294.015187
1724630400000,2746.12,2762.0,2666.66,2680.49,211708.1247,1724716799999,575695656.48,1453833,102718.2247,279333306.990401
1724716800000,2680.49,2699.98,2392.96,2457.33,412660.7197,1724803199999,1058769621.89,1898416,187278.0778,480143744.796805
1724803200000,2457.33,2554.6,2418.8,2528.33,451266.634,1724889599999,1124304892.42,2272721,222246.9184,553710617.949506
1724889600000,2528.33,2595.4,2505.88,2527.61,237002.9632,1724975999999,603867504.23,1455668,119563.3591,304607143.525936
1724976000000,2527.6,2552.17,2431.14,2526.0,338379.1941,1725062399999,845015735.15,1735497,172073.9114,429842974.529762
1725062400000,2525.99,2533.95,2491.92,2513.01,97946.1147,1725148799999,246514334.08,702529,47410.9072,119335754.458794
1725148800000,2513.0,2516.28,2400.0,2425.72,223127.776,1725235199999,550299930.15,1357443,106672.8284,263071210.850516
1725235200000,2425.71,2564.83,2423.52,2538.01,262632.8385,1725321599999,654854126.2,1452334,134090.7048,334264683.017486
1725321600000,2538.0,2553.6,2411.12,2425.29,224793.1299,1725407999999,556674703.35,1272909,101487.6507,251452238.685074
1725408000000,2425.28,2490.0,2306.65,2450.71,384179.3854,1725494399999,921640300.67,2002621,188707.7458,452757932.493335
1725494400000,2450.71,2466.0,2348.04,2368.81,278549.0969,1725580799999,667044058.83,1862353,131571.9247,315231080.607934
1725580800000,2368.81,2408.83,2150.55,2225.23,643027.111,1725667199999,1467265008.06,2980066,303990.1689,694418877.024754
1725667200000,2225.24,2311.27,2220.98,2273.58,219453.2076,1725753599999,498662894.23,982698,109807.9246,249593766.45553
1725753600000,2273.58,2333.58,2240.94,2297.3,192775.6493,1725839999999,440447734.83,976672,93305.1937,213222870.553424
1725840000000,2297.3,2381.41,2272.8,2359.5,321698.99,1725926399999,747001776.05,1761692,156788.5098,364223174.142904
1725926400000,2359.51,2400.0,2320.41,2388.52,224382.1729,1726012799999,528411566.92,1210860,105895.4188,249480052.381382
1726012800000,2388.52,2389.32,2277.68,2340.55,282898.3125,1726099199999,659291892.33,1530070,135125.5965,314926799.454531
1726099200000,2340.54,2391.93,2315.39,2361.76,202611.1308,1726185599999,476749201.76,1093596,102118.0952,240341157.998119
1726185600000,2361.75,2464.82,2337.35,2439.19,253888.616,1726271999999,607650210.7,1458878,124124.3676,297410717.96547
1726272000000,2439.19,2440.6,2376.72,2417.79,122931.2302,1726358399999,296990460.13,754834,57970.9645,140034806.307876
1726358400000,2417.8,2430.32,2283.75,2316.1,174364.1946,1726444799999,413278017.28,1058493,80610.9146,191044099.00633
1726444800000,2316.09,2335.7,2252.39,2295.68,330555.232,1726531199999,756718235.68,2102319,153834.0111,352253267.83244
1726531200000,2295.67,2393.63,2263.29,2341.8,274206.2588,1726617599999,640307796.59,1813524,134491.637,314135444.255817
1726617600000,2341.79,2376.14,2277.34,2374.75,292917.6008,1726703999999,679856751.17,2555639,144167.2401,334741394.026549
1726704000000,2374.74,2494.95,2372.6,2465.21,326746.032,1726790399999,794820681.0,2862096,171108.4747,416132368.004027
1726790400000,2465.21,2571.93,2437.31,2561.4,340754.5912,1726876799999,864016608.12,3241249,173101.7132,438921107.763294
1726876800000,2561.4,2623.34,2528.97,2612.4,154757.8773,1726963199999,396953470.52,1425778,78964.0704,202638566.044652
1726963200000,2612.4,2632.57,2524.58,2581.0,214266.3257,1727049599999,553059849.55,2067811,97837.0512,252636983.573378
1727049600000,2580.99,2702.82,2539.49,2646.97,333282.0149,1727135999999,883518257.2,3492404,161782.1178,428832914.201112
1727136000000,2646.98,2670.96,2591.56,2653.2,288600.0402,1727222399999,760159619.98,2730471,140655.8896,370558448.965917
1727222400000,2653.2,2673.5,2554.05,2579.95,220343.4293,1727308799999,576100924.71,2446589,103887.8784,271731602.599472
1727308800000,2580.09,2666.22,2559.2,2632.26,278686.3573,1727395199999,731881168.92,2897463,139205.4473,365580497.054424
1727395200000,2632.25,2728.6,2615.21,2694.43,281826.9792,1727481599999,753233859.36,2599262,151742.5093,405576362.613476
1727481600000,2694.43,2704.35,2650.0,2675.21,137230.0342,1727567999999,367299958.06,1192804,65924.2202,176467262.336168
1727568000000,2675.21,2683.7,2629.73,2657.62,160554.3146,1727654399999,426486288.28,1417045,81486.0061,216453626.088544
1727654400000,2657.62,2663.5,2575.0,2602.23,282475.7961,1727740799999,738997897.58,2684395,135231.5945,353834770.003651
1727740800000,2602.24,2659.0,2414.0,2447.79,502828.6804,1727827199999,1275068045.82,4525442,241562.4716,612727012.04731
1727827200000,2447.78,2499.0,2352.0,2364.1,317484.735,1727913599999,772815459.37,4299369,155763.8413,379325012.463598
1727913600000,2364.09,2403.38,2310.0,2349.8,314635.9263,1727999999999,739732809.48,4096011,149299.0436,351028567.523543
1728000000000,2349.8,2441.64,2339.15,2414.41,239383.017,1728086399999,572627417.11,2556302,121492.1876,290635408.17503
1728086400000,2414.41,2428.23,2390.05,2414.66,103740.2316,1728172799999,250133597.69,1147501,49644.8537,119740244.150919
1728172800000,2414.66,2457.8,2407.0,2440.03,105752.7096,1728259199999,257213775.45,1097106,56040.4942,136283551.473558
1728259200000,2440.02,2521.0,2403.0,2422.71,300459.5407,1728345599999,742163736.97,3081333,147053.1926,363265506.414649
1728345600000,2422.7,2466.66,2401.18,2440.89,201358.3312,1728431999999,490043095.02,2240640,98699.0695,240246242.020958
1728432000000,2440.88,2473.61,2351.42,2370.47,242082.2725,1728518399999,586469983.39,2569883,118607.6753,287392550.52832
1728518400000,2370.47,2421.36,2330.66,2386.49,257862.9619,1728604799999,614182044.95,2734517,124649.1698,296876662.883377
1728604800000,2386.49,2471.45,2381.86,2439.5,235441.2197,1728691199999,572065403.74,1913115,120079.0581,291669006.342688
1728691200000,2439.49,2490.51,2434.35,2476.4,139637.5062,1728777599999,343538957.82,1058123,75635.4722,186143651.984974
1728777600000,2476.4,2484.92,2436.4,2468.91,120022.8179,1728863999999,295322793.08,1032905,59760.3747,147082675.325771
1728864000000,2468.92,2654.0,2443.39,2629.79,435900.1619,1728950399999,1119084230.81,2715025,229665.6047,589781071.815328
1728950400000,2629.79,2688.6,2537.36,2607.41,416285.6663,1729036799999,1083630113.14,3306565,205576.5183,535279891.165901
1729036800000,2607.41,2647.79,2588.67,2611.1,260322.4242,1729123199999,681342662.42,2813136,127407.6679,333593643.097793
1729123200000,2611.1,2648.37,2575.4,2605.8,221624.5434,1729209599999,579597649.93,2543113,109682.8589,286944146.556011
1729209600000,2605.79,2675.58,2596.49,2642.17,292444.1153,1729295999999,771232214.94,2835054,151075.2919,398486077.848593
1729296000000,2642.17,2663.49,2631.02,2648.2,105413.7646,1729382399999,278723129.16,1145594,52955.7012,140037162.00516
1729382400000,2648.2,2759.0,2635.54,2746.91,256910.7448,1729468799999,692550694.44,2274845,131315.6321,354129881.286766
1729468800000,2746.91,2769.48,2655.01,2666.7,310674.7232,1729555199999,839718870.97,2526347,155766.4454,421099497.596007
1729555200000,2666.71,2671.92,2606.56,2622.81,265747.713,1729641599999,699818031.29,2153796,129041.0542,339834310.024147
1729641600000,2622.81,2628.2,2450.0,2524.61,352647.7086,1729727999999,897683017.74,2642127,161673.0363,411442765.600342
1729728000000,2524.6,2562.65,2507.31,2535.82,290851.7842,1729814399999,737665762.67,2252562,151672.5796,384697096.340313
1729814400000,2535.82,2566.33,2382.59,2440.62,514799.8822,1729900799999,1282541014.47,3741205,232180.1435,578647966.535608
1729900800000,2440.63,2508.0,2430.12,2482.51,248724.8313,1729987199999,612908876.74,1985542,132469.8569,326550515.934207
1729987200000,2482.51,2527.99,2464.13,2507.8,137580.8836,1730073599999,342704461.3,1337190,70648.0053,176001096.76121
1730073600000,2507.8,2589.67,2471.67,2567.48,360605.327,1730159999999,910015100.83,2847523,180803.6076,456316658.784813
1730160000000,2567.49,2681.86,2561.2,2638.8,451915.7025,1730246399999,1187541746.02,3690029,227223.4801,597159695.537778
1730246400000,2638.8,2722.3,2599.66,2659.19,460627.126,1730332799999,1230352880.14,3700127,234688.3298,627072013.721042
1730332800000,2659.19,2669.0,2503.0,2518.61,403427.2017,1730419199999,1042550364.39,3391343,196341.4498,507552898.635748
1730419200000,2518.61,2586.8,2467.67,2511.49,430249.1073,1730505599999,1084316033.71,3614843,202239.1162,509869182.303567
1730505600000,2511.49,2523.45,2470.0,2494.23,145961.13,1730591999999,364240307.89,1228028,68739.2217,171535490.173642
1730592000000,2494.23,2496.39,2411.0,2457.73,276009.1197,1730678399999,675516839.25,2569553,128755.1302,315138233.230781
1730678400000,2457.73,2491.39,2357.59,2398.21,306316.9645,1730764799999,745000696.55,3066552,148574.7254,361660123.21258
1730764800000,2398.21,2480.0,2380.74,2422.55,331619.2545,1730851199999,807964220.38,2878817,164899.7226,401792814.478282
1730851200000,2422.6,2744.7,2420.3,2721.87,1002141.3618,1730937599999,2613263657.62,5557031,527404.5797,1375499686.352236
1730937600000,2721.88,2916.11,2699.49,2895.47,730845.9524,1731023999999,2069602523.37,5380366,367745.6506,1041659729.922739
1731024000000,2895.47,2981.69,2886.4,2961.75,568864.435,1731110399999,1664276186.37,4290252,290136.2734,849147013.622051
1731110400000,2961.75,3157.4,2953.71,3126.21,526719.4212,1731196799999,1602480049.89,3681905,278109.2638,846556140.576448
1731196800000,3126.2,3248.52,3069.0,3183.21,865536.7322,1731283199999,2751696491.35,6072418,444231.9853,1412520566.696555
1731283200000,3183.2,3387.61,3105.0,3371.59,1000093.9664,1731369599999,3248336095.36,7802397,512353.6597,1664789115.812
1731369600000,3371.59,3442.5,3207.67,3243.8,973215.7285,1731455999999,3215515065.97,7073014,474680.7996,1569519071.966663
1731456000000,3243.79,3331.0,3116.69,3187.16,919686.3747,1731542399999,2958494366.72,9753402,446483.2399,1436610189.542692
1731542400000,3187.16,3240.4,3028.56,3058.82,605780.6662,1731628799999,1909266330.68,6204964,291332.1428,919046552.324913
1731628800000,3058.81,3131.06,3014.5,3090.01,519623.6317,1731715199999,1593247701.29,6118576,256031.9621,785238977.756796
1731715200000,3090.01,3219.97,3072.0,3132.87,423639.1573,1731801599999,1332892680.49,5079843,221452.0936,696573570.911464
1731801600000,3132.88,3162.11,3034.99,3076.0,449818.9575,1731887999999,1393762559.9,5832635,219773.8217,681175947.125362
1731888000000,3075.99,3224.94,3050.01,3207.8,640658.4357,1731974399999,2006111259.66,6541040,335610.6352,1051440459.598216
1731974400000,3207.81,3221.2,3065.4,3107.44,500112.0194,1732060799999,1561642778.42,5163295,240538.5797,751285220.167402
1732060800000,3107.45,3159.2,3029.41,3069.97,503607.8336,1732147199999,1559041767.19,6338828,262555.3379,813254437.229678
1732147200000,3069.97,3386.73,3032.59,3355.81,974923.3035,1732233599999,3167224819.42,8227428,517407.4618,1678599533.383094
1732233600000,3355.88,3425.92,3257.54,3327.78,603273.7093,1732319999999,2008464564.86,7141711,299228.216,996678648.696995
1732320000000,3327.78,3497.51,3312.72,3393.91,721024.0009,1732406399999,2449223191.45,6790558,377413.2984,1281905367.172234
1732406400000,3393.91,3450.0,3281.4,3361.2,479098.0921,1732492799999,1608242778.28,5919258,229135.6476,769433365.505761
1732492800000,3361.21,3546.66,3300.01,3414.49,949330.37,1732579199999,3272920810.06,9876856,473543.9399,1633463973.646526
1732579200000,3414.49,3462.49,3252.0,3324.73,672367.1503,1732665599999,2252619301.96,7269605,320649.414,1076018603.47616
1732665600000,3324.74,3684.92,3302.4,3653.28,754573.6485,1732751999999,2640023089.76,6392173,422777.0485,1478531171.096091
1732752000000,3653.27,3661.92,3529.76,3578.79,560976.425,1732838399999,2014252549.7,5393261,281616.1445,1011307244.124802
1732838400000,3578.8,3647.98,3534.28,3592.21,425493.2449,1732924799999,1525999121.82,4240304,220911.8759,792537823.50665
1732924800000,3592.22,3738.98,3568.4,3703.6,503684.7485,1733011199999,1849683070.3,4641849,267000.5769,980789627.359577
1733011200000,3703.59,3746.8,3659.2,3707.61,429089.2633,1733097599999,1589850114.03,3667910,212029.4008,785774029.012855
1733097600000,3707.61,3760.0,3554.32,3643.42,737130.569,1733183999999,2685285591.85,6825848,368529.347,1342985979.580745
1733184000000,3643.43,3670.0,3500.0,3614.51,678400.2032,1733270399999,2439869839.03,5200407,376625.93,1355330328.945037
1733270400000,3614.51,3887.24,3614.51,3837.8,968744.0399,1733356799999,3638907449.55,8222722,516513.6315,1939427558.60474
1733356800000,3837.8,3956.0,3677.0,3785.2,946493.276,1733443199999,3653558567.75,8753645,465065.3016,1796915310.225865
1733443200000,3785.21,4087.73,3777.26,3998.87,803855.1146,1733529599999,3174080080.15,6677199,410529.4137,1621071926.726909
1733529600000,3998.87,4024.46,3968.0,3996.22,283920.02,1733615999999,1134418058.87,2721543,141027.5358,563531840.242212
1733616000000,3996.22,4015.58,3923.5,4004.15,251362.1685,1733702399999,1000371580.64,2614587,124696.173,496407855.459141
1733702400000,4004.15,4006.17,3509.0,3712.0,939642.2001,1733788799999,3566495804.13,8331026,434519.7442,1650765938.051974
1733788800000,3712.0,3780.76,3515.89,3628.25,942206.0337,1733875199999,3443114495.27,10461668,468842.2362,1713256933.099759
1733875200000,3628.24,3848.64,3562.34,3831.81,461818.7801,1733961599999,1722223536.88,6195364,248830.1039,928595809.300587
1733961600000,3831.82,3987.41,3796.8,3881.61,572098.6343,1734047999999,2239803483.58,7005239,284607.1551,1114554219.241143
1734048000000,3881.6,3968.47,3852.94,3906.8,387765.6873,1734134399999,1516942852.29,5124578,192195.3238,751955442.548066
1734134400000,3906.8,3945.0,3825.03,3870.29,265538.9479,1734220799999,1031595277.39,3407748,131333.8294,510395698.455933
1734220800000,3870.3,3974.61,3831.5,3959.09,253833.2141,1734307199999,987865003.13,3637695,137576.2363,535670221.160293
1734307200000,3959.09,4107.8,3884.0,3986.24,673351.0723,1734393599999,2686550997.11,7117624,357970.2261,1428720574.045161
1734393600000,3986.24,4041.82,3847.96,3893.01,450825.9861,1734479999999,1788532842.7,6874200,212006.098,841864072.770541
1734480000000,3893.01,3907.19,3617.42,3626.8,722505.0618,1734566399999,2735374632.74,6584244,338987.7414,1283903825.654028
1734566400000,3626.8,3720.0,3326.8,3417.01,1078153.4851,1734652799999,3807975330.68,6357638,498105.4058,1759867070.362796
1734652800000,3417.01,3497.84,3101.9,3472.21,1332783.731,1734739199999,4421584295.58,7029546,616548.6946,2043875039.787976
1734739200000,3472.2,3555.18,3293.11,3338.92,475275.82,1734825599999,1627460721.69,2732677,227433.379,779411940.386095
1734825600000,3338.92,3403.0,3221.1,3281.83,361920.2495,1734911999999,1201895225.02,2546556,178324.6442,592471146.242741
1734912000000,3281.83,3466.99,3216.97,3422.53,488253.41,1734998399999,1627069583.88,4032824,251606.2172,838574859.785712
1734998400000,3422.53,3539.65,3358.19,3493.18,315723.6763,1735084799999,1087476459.25,2764397,158218.8988,544905389.45923
1735084800000,3493.17,3547.95,3440.93,3497.0,219846.0452,1735171199999,766349902.71,2133099,110386.2104,384894251.076681
1735171200000,3497.0,3514.94,3304.63,3335.05,310170.1719,1735257599999,1047464157.03,2543314,164346.2488,554727435.330121
1735257600000,3335.04,3444.16,3306.6,3333.51,342529.6038,1735343999999,1152635224.27,3133395,171567.6704,577327628.470155
1735344000000,3333.51,3428.68,3322.23,3404.0,175963.613,1735430399999,592591876.18,1445334,88404.9578,297871890.109462
1735430400000,3404.01,3413.78,3326.17,3356.48,156256.8819,1735516799999,527250656.15,1170497,74717.2883,252109610.012067
1735516800000,3356.48,3437.59,3305.0,3361.84,420794.6476,1735603199999,1420731724.37,2700666,215138.5269,726878029.720071
1735603200000,3361.83,3451.0,3315.59,3337.78,303053.1685,1735689599999,1024862944.05,2021786,146510.7501,495460792.490612
1735689600000,3337.78,3374.85,3313.88,3360.38,190238.5861,1735775999999,636613395.7,1182219,99518.0217,333085258.287462
1735776000000,3360.39,3509.99,3354.5,3455.67,338632.8874,1735862399999,1166286232.16,2373075,169044.3627,582161055.521965
1735862400000,3455.68,3630.0,3423.44,3609.01,334041.0604,1735948799999,1179953901.1,2293811,169194.075,597682226.030962
1735948800000,3609.0,3671.6,3572.42,3656.88,229266.3133,1736035199999,829864804.86,1567855,116823.1483,422850861.086886
1736035200000,3656.88,3675.25,3593.7,3635.99,155444.1741,1736121599999,564147572.8,1461192,76901.3758,279135355.270006
1736121600000,3636.0,3744.83,3610.63,3687.45,329642.3648,1736207999999,1210642823.3,2753873,166824.6196,612822771.954551
1736208000000,3687.44,3700.86,3356.31,3381.31,541543.2874,1736294399999,1899318756.16,3538701,254553.4502,892893276.020809
1736294400000,3381.31,3415.1,3208.2,3327.29,584749.9627,1736380799999,1944382187.66,3766197,275577.2269,916259778.418379
1736380800000,3327.29,3357.27,3158.0,3219.2,501818.4247,1736467199999,1638958679.71,3685889,237793.7346,777185110.082679
1736467200000,3219.2,3322.49,3193.97,3267.04,454142.1333,1736553599999,1482940591.67,3199118,222519.1849,726413490.668374
1736553600000,3267.05,3320.18,3217.56,3282.83,151679.7487,1736639999999,494933295.36,1208777,74202.7876,242350177.143991
1736640000000,3282.83,3300.0,3224.49,3267.3,164879.9709,1736726399999,538751712.05,1151908,78312.5332,255990007.31399
1736726400000,3267.3,3339.0,2920.0,3137.51,845907.5669,1736812799999,2614824635.15,4900248,410956.8014,1271030799.211468
1736812800000,3137.51,3256.67,3125.65,3225.63,374308.4517,1736899199999,1197715520.9,2446285,180843.3605,578754045.677244
1736899200000,3225.63,3473.75,3186.36,3451.52,464188.034,1736985599999,1537407357.37,2689488,233981.7183,775803015.406068
1736985600000,3451.51,3460.79,3265.44,3308.05,471282.6787,1737071999999,1573512574.07,2667507,227669.8721,760336218.428321
1737072000000,3308.04,3525.72,3307.5,3473.63,518550.1813,1737158399999,1773013467.31,3165882,269301.5133,920836504.156446
1737158400000,3473.64,3494.39,3227.0,3307.71,634197.1281,1737244799999,2100633661.76,3931387,309754.3291,1025970289.517671
1737244800000,3307.71,3448.99,3130.48,3215.12,1342301.5217,1737331199999,4408659681.01,7064813,651932.4312,2143657478.900286
1737331200000,3215.2,3453.69,3142.78,3284.0,1158354.7814,1737417599999,3830020315.13,7137551,572672.7028,1895320599.961986
1737417600000,3283.99,3368.0,3204.6,3327.54,548706.0513,1737503999999,1802317579.67,3752957,271093.6278,890755658.885448
1737504000000,3327.55,3365.99,3222.85,3242.6,349240.7498,1737590399999,1150648371.2,2187671,163482.76,538844820.504563
1737590400000,3242.61,3347.97,3185.0,3338.21,605592.7225,1737676799999,1965307923.08,3255920,303294.9418,984590435.717348
1737676800000,3338.22,3428.0,3275.9,3310.09,451524.2752,1737763199999,1519379297.69,2793569,215008.0035,723830815.046523
1737763200000,3310.1,3350.68,3268.66,3318.77,208559.0415,1737849599999,690383485.13,1456638,98129.4498,324799632.127654
1737849600000,3318.76,3362.0,3230.0,3232.61,272165.469,1737935999999,899291017.61,1416325,116826.2789,386320687.827929
1737936000000,3232.61,3253.91,3020.01,3182.44,753004.7529,1738022399999,2349770569.71,4888504,345284.5821,1077195796.137122
1738022400000,3182.44,3223.01,3040.03,3077.72,350959.7173,1738108799999,1107001736.18,2936974,170776.7271,538990208.723447
1738108800000,3077.72,3182.52,3054.06,3113.9,409737.2576,1738195199999,1278256645.75,3277369,200807.9235,626556500.38162
1738195200000,3113.9,3283.43,3091.06,3247.39,350639.4823,1738281599999,1130886606.54,2410789,180484.1307,581935263.184576
1738281600000,3247.38,3437.31,3213.8,3300.99,648681.6561,1738367999999,2158479814.33,3802893,343645.0199,1144000791.641501
1738368000000,3300.99,3331.98,3101.7,3117.54,354065.2525,1738454399999,1142845926.87,2900696,170674.3585,551595869.395103
1738454400000,3117.54,3163.2,2750.71,2869.68,1050805.93,1738540799999,3131430738.39,5974563,494989.1069,1476742890.842307
1738540800000,2869.68,2921.0,2125.01,2879.9,2807979.021,1738627199999,7325488963.97,10550628,1344253.3318,3509887592.196321
1738627200000,2879.89,2888.5,2632.6,2731.19,1259594.3919,1738713599999,3477670143.19,4767588,602952.4706,1664512055.454141
1738713600000,2731.19,2826.95,2699.13,2788.25,686593.0429,1738799999999,1897054238.49,3498289,327991.4256,906340721.064559
1738800000000,2788.25,2857.64,2655.28,2686.64,719459.9571,1738886399999,1981674881.32,3805682,325809.3292,897799508.979957
1738886400000,2686.63,2797.5,2562.51,2622.1,695467.3612,1738972799999,1875060380.33,3272698,327218.1388,882532535.722566
1738972800000,2622.11,2667.3,2588.8,2632.46,379685.1509,1739059199999,996898803.98,1865406,182406.1592,478945902.373384
1739059200000,2632.46,2698.9,2520.02,2627.18,387166.7911,1739145599999,1016386052.05,2319910,185314.8373,486833033.685477
1739145600000,2627.18,2693.79,2559.85,2661.19,398173.2716,1739231999999,1051708232.56,2736600,195023.1915,515093980.36806
1739232000000,2661.19,2725.04,2558.24,2602.59,484196.1435,1739318399999,1286091770.77,2776008,226374.751,602010853.065178
1739318400000,2602.59,2795.45,2546.92,2738.27,646295.8959,1739404799999,1705436939.53,4190060,324858.6193,858009920.218688
1739404800000,2738.27,2757.28,2612.76,2675.87,443769.2853,1739491199999,1185301387.82,3213834,217787.6458,581683038.436098
1739491200000,2675.87,2791.78,2664.46,2725.95,419895.7862,1739577599999,1142877818.04,2645594,222908.7801,606858652.139505
1739577600000,2725.95,2739.0,2662.28,2693.04,202971.4295,1739663999999,548554180.22,1678502,90810.3179,245463912.573468
1739664000000,2693.04,2727.31,2651.26,2661.41,191231.5314,1739750399999,514482095.17,1449884,89433.4055,240599550.812392
1739750400000,2661.41,2849.7,2637.71,2744.05,639739.8197,1739836799999,1752388687.81,3881592,329950.3751,904399237.600089
1739836800000,2744.05,2756.93,2605.44,2671.99,604863.8737,1739923199999,1616153629.02,3898156,285508.8694,762964442.385853
1739923200000,2672.0,2736.7,2656.03,2715.5,326154.0202,1740009599999,882047186.13,2376004,163604.8767,442601160.332459
1740009600000,2715.51,2770.59,2707.18,2738.04,336735.2544,1740095999999,921476439.35,2096063,170515.6667,466756209.201236
1740096000000,2738.04,2845.32,2616.72,2663.0,890440.0604,1740182399999,2429306635.18,3872201,428879.7345,1170981749.414793
1740182400000,2663.0,2798.07,2653.33,2763.22,444989.6669,1740268799999,1214059511.9,2597168,248387.7772,677008292.573996
1740268800000,2763.23,2857.34,2745.41,2819.69,611002.1222,1740355199999,1711849865.82,2796506,321625.3377,901407652.084993
1740355200000,2819.7,2839.95,2470.33,2513.52,876876.3707,1740441599999,2334572148.66,4737903,411575.6658,1095102528.763101
1740441600000,2513.52,2533.49,2313.49,2495.7,1322016.8718,1740527999999,3207776114.78,7076645,655424.217,1590563026.371759
1740528000000,2495.69,2507.5,2253.77,2336.37,863087.2133,1740614399999,2059160287.05,5495972,408608.956,975185376.421555
1740614400000,2336.38,2381.6,2230.57,2307.72,637583.9106,1740700799999,1480849324.54,3906903,297736.9154,691230000.438891
1740700800000,2307.72,2314.18,2076.26,2237.59,1291539.0557,1740787199999,2794546441.73,5708556,625030.5287,1351940395.764772
1740787200000,2237.59,2281.14,2142.73,2217.39,446430.7271,1740873599999,988941461.43,2511839,209196.8605,463872993.775749
1740873600000,2217.4,2550.58,2172.04,2518.11,1266684.7748,1740959999999,3001215557.6,4977392,627527.3017,1488652979.402768
1740960000000,2518.12,2523.56,2097.91,2149.01,1109565.2003,1741046399999,2529346005.91,4969357,510488.2652,1161760907.053157
1741046400000,2149.02,2221.88,1993.2,2171.51,1257822.3372,1741132799999,2634485208.26,5856962,596181.03,1248910466.060303
1741132800000,2171.5,2273.51,2155.03,2241.59,687130.7897,1741219199999,1514537132.81,3480893,326604.0072,720412253.031027
1741219200000,2241.59,2319.99,2176.9,2202.2,596908.3935,1741305599999,1343407922.36,3304973,304201.8256,684721457.490546
1741305600000,2202.21,2258.47,2101.82,2141.6,782387.2606,1741391999999,1698459492.24,4452265,384442.6282,834995037.361386
1741392000000,2141.6,2234.93,2105.06,2203.58,328793.0979,1741478399999,714743022.41,2118806,165408.6608,359616114.815223
1741478400000,2203.57,2212.0,1989.66,2020.41,601671.5882,1741564799999,1249766628.54,2791079,283406.499,589074622.734246
1741564800000,2020.43,2152.4,1810.01,1865.1,1248745.3514,1741651199999,2461512870.77,5261040,617411.7094,1216440716.446106
1741651200000,1865.11,1963.2,1754.28,1923.43,1171427.9995,1741737599999,2203451540.61,4578427,576537.0793,1085290919.303633
1741737600000,1923.42,1960.0,1829.72,1908.2,788739.6763,1741823999999,1494384669.02,3444921,399364.7041,756917595.001095
1741824000000,1908.2,1923.09,1821.81,1864.59,569537.2622,1741910399999,1069629049.44,2688683,276728.702,519941674.768743
1741910400000,1864.59,1945.64,1861.31,1911.65,375805.7355,1741996799999,718122712.75,1728618,196808.7418,376032113.705905
1741996800000,1911.64,1957.19,1903.75,1937.17,209545.8675,1742083199999,404571982.74,884429,103183.2548,199258936.505655
1742083200000,1937.18,1940.87,1860.38,1887.0,324766.6564,1742169599999,616620264.89,1466585,147750.6179,280566280.649476
1742169600000,1887.01,1952.4,1879.98,1926.31,334840.4877,1742255999999,641484974.28,1566024,166794.9782,319499477.720785
1742256000000,1926.3,1936.2,1872.31,1931.54,332896.0155,1742342399999,632109997.55,1549810,156778.6707,297667875.793969
1742342400000,1931.54,2069.9,1927.58,2056.06,691809.5034,1742428799999,1385193898.48,2614680,338168.3696,677189954.262031
1742428800000,2056.05,2067.9,1952.17,1983.79,401518.9282,1742515199999,800851703.94,1885019,185718.3372,370117787.131419
1742515200000,1983.79,1996.73,1937.1,1965.75,262641.659,1742601599999,516587945.86,1470569,130673.0391,256964902.673041
1742601600000,1965.74,2006.61,1964.34,1980.69,170782.9574,1742687999999,339679365.32,833146,83417.243,165949750.564435
1742688000000,1980.68,2020.74,1976.81,2005.99,268707.5233,1742774399999,537810044.75,973880,141545.4057,283218620.576171
1742774400000,2005.99,2104.11,1977.67,2081.2,477912.8154,1742860799999,985984215.59,1804046,241987.6758,499157615.491606
1742860800000,2081.2,2097.7,2037.08,2066.15,328765.3292,1742947199999,678919919.78,1398034,144848.2928,299282311.765827
1742947200000,2066.16,2079.21,1981.6,2009.52,428975.3286,1743033599999,872757205.47,1468474,181445.0723,369125581.320511
1743033600000,2009.52,2037.38,1987.06,2003.66,360634.8383,1743119999999,726385594.53,1394730,154040.2327,310291637.030968
1743120000000,2003.67,2015.93,1860.0,1896.9,626167.5832,1743206399999,1197329354.06,2245087,307332.2769,587606938.584515
1743206400000,1896.9,1913.6,1797.2,1828.08,409769.7555,1743292799999,758545295.87,1755638,199201.1398,368752720.356886
1743292800000,1828.09,1849.01,1767.69,1807.74,327843.4476,1743379199999,595676639.88,1523210,164123.1476,298224370.054843
1743379200000,1807.74,1854.22,1776.75,1822.43,497854.9052,1743465599999,904456573.01,2283021,248408.7865,451323627.204578
1743465600000,1822.43,1927.9,1817.88,1904.98,452989.0974,1743551999999,851190042.27,2141608,227293.9134,427068696.66992
1743552000000,1904.98,1957.0,1781.53,1795.22,750840.7823,1743638399999,1411539014.56,3408080,364479.3767,685797603.628611
1743638400000,1795.21,1845.26,1750.0,1817.23,508075.018,1743724799999,912214691.84,2579520,253462.4464,455404696.427552
1743724800000,1817.23,1835.68,1758.72,1816.87,572734.4702,1743811199999,1030518559.14,2647730,277397.8197,499272616.797469
1743811200000,1816.88,1827.29,1764.39,1806.01,201716.2696,1743897599999,362822604.0,861593,96425.6245,173484839.307568
1743897600000,1806.02,1817.0,1537.5,1580.76,979847.0958,1743983999999,1621420911.8,3251935,453768.9316,751319408.63196
1743984000000,1580.77,1639.0,1411.01,1553.04,2168796.0067,1744070399999,3314200223.33,5723226,1076060.067,1645270461.504365
1744070400000,1553.04,1618.67,1441.3,1473.41,891846.1327,1744156799999,1361139288.98,3369669,449628.1417,686762120.765776
1744156800000,1473.41,1689.0,1385.05,1669.51,1968530.9138,1744243199999,2995077137.63,4723847,990740.8363,1508747907.727771
1744243200000,1669.51,1669.85,1471.02,1522.25,911855.3934,1744329599999,1425649915.89,3007121,454828.2592,711164539.487151
1744329600000,1522.24,1591.47,1504.63,1566.85,578484.3183,1744415999999,901210974.61,2547292,305707.1748,476514872.298804
1744416000000,1566.85,1669.59,1546.06,1644.18,501867.9033,1744502399999,813176435.31,2177800,266899.4092,432987094.823904
1744502400000,1644.19,1649.75,1562.01,1597.76,580136.6145,1744588799999,931598664.29,2597350,281372.538,452135764.611083
1744588800000,1597.76,1691.5,1595.56,1623.77,645930.1419,1744675199999,1062426756.85,2975844,332185.1295,546536662.981744
1744675200000,1623.78,1661.21,1583.12,1588.78,476178.8915,1744761599999,774210116.71,2283302,232389.8503,377978352.554607
1744761600000,1588.77,1613.66,1538.07,1577.14,611387.8686,1744847999999,965271509.89,2645419,311107.7903,491272640.364742
1744848000000,1577.15,1616.96,1563.2,1583.62,449870.3628,1744934399999,716711483.14,1871114,226961.4241,361610704.821231
1744934400000,1583.63,1600.64,1573.54,1588.6,200409.0359,1745020799999,317931022.84,889028,99073.5374,157166748.966902
1745020800000,1588.6,1631.81,1585.01,1613.27,223096.3899,1745107199999,358254845.71,1762563,119856.3027,192451022.067047
1745107200000,1613.26,1619.19,1565.59,1587.36,276052.2306,1745193599999,438377495.98,1913811,138393.3947,219774032.482756
1745193600000,1587.36,1658.75,1564.07,1579.57,691486.6667,1745279999999,1117358203.87,4257816,349723.7779,565324291.159292
1745280000000,1579.57,1778.0,1537.26,1756.26,1103036.9586,1745366399999,1833852783.08,3841594,570956.5969,949980453.538352
1745366400000,1756.25,1834.86,1744.95,1795.07,887545.6316,1745452799999,1590311895.52,3346263,465865.2367,834633411.499644
1745452800000,1795.08,1802.82,1722.9,1769.65,483465.0385,1745539199999,851507192.05,2225460,228156.9812,401904077.519877
1745539200000,1769.64,1827.32,1738.6,1784.6,595610.8894,1745625599999,1063192910.34,2516748,310119.5698,553732398.650821
1745625600000,1784.6,1841.16,1778.94,1820.88,355068.0442,1745711999999,640645562.87,1907298,184308.0796,332672166.455174
1745712000000,1820.87,1857.47,1781.9,1791.29,340332.6435,1745798399999,616122293.31,2405764,164744.7128,298455924.453593
1745798400000,1791.29,1827.98,1744.71,1799.88,587269.743,1745884799999,1049690759.15,2980656,282424.4021,504906960.405928
1745884800000,1799.88,1842.99,1780.47,1797.81,480456.3884,1745971199999,871685371.75,2590967,247137.1213,448518545.933271
1745971200000,1797.81,1816.8,1731.7,1793.61,473523.9877,1746057599999,843558998.33,2468998,224863.7757,400751136.051079
1746057600000,1793.62,1873.17,1792.52,1838.11,537198.7291,1746143999999,988206595.82,2398765,284534.1382,523485516.257833
1746144000000,1838.1,1871.0,1813.0,1842.2,410667.875,1746230399999,755324594.32,2062923,214203.7089,394103918.039345
1746230400000,1842.2,1848.6,1810.0,1833.52,213751.5979,1746316799999,391267436.33,1135719,102337.2203,187310371.211181
1746316800000,1833.52,1849.95,1803.0,1808.86,238254.3564,1746403199999,435999576.57,1443996,115191.4115,210878994.455424
1746403200000,1808.86,1833.55,1781.85,1820.19,342341.0078,1746489599999,619310042.71,1961255,174628.629,315946281.030022
1746489600000,1820.19,1820.9,1752.0,1817.0,384584.2451,1746575999999,687049952.31,2333041,187697.5461,335412217.286639
1746576000000,1817.0,1850.0,1787.01,1811.11,456170.0705,1746662399999,831394497.73,2408512,237181.4755,432215626.276345
1746662400000,1811.11,2226.0,1808.71,2207.39,1473152.686,1746748799999,2976074419.32,5616063,774940.4643,1564609175.673035
1746748800000,2207.39,2490.77,2184.33,2345.04,1667041.0382,1746835199999,3881949928.35,6885286,816968.732,1901989668.677011
1746835200000,2345.04,2600.0,2317.0,2583.23,979350.1606,1746921599999,2393510879.67,4862978,508011.2632,1242333639.703975
1746921600000,2583.22,2608.13,2435.51,2514.57,831584.3888,1747007999999,2087255708.69,4340859,402700.0972,1010999635.269731
1747008000000,2514.58,2624.0,2406.63,2495.47,1068680.9433,1747094399999,2694150708.64,5441783,534397.3204,1347640836.766131
1747094400000,2495.48,2738.5,2415.3,2679.71,1031355.6465,1747180799999,2653880363.31,4666012,569632.7662,1468803335.988289
1747180800000,2679.71,2725.99,2547.26,2609.74,830047.1122,1747267199999,2183890526.34,4181188,413256.8419,1088633834.584732
1747267200000,2609.75,2647.03,2476.03,2548.69,768954.0332,1747353599999,1963827790.24,4305508,396304.5157,1012773316.797603
1747353600000,2548.7,2649.31,2529.4,2537.12,605953.6919,1747439999999,1568128704.05,3310498,323624.7041,837990689.566938
1747440000000,2537.13,2538.16,2446.42,2475.08,494333.2782,1747526399999,1227578098.32,2950197,227882.8455,566013389.009042
1747526400000,2475.09,2587.61,2323.21,2497.78,810103.1851,1747612799999,2001441345.43,3416878,400896.368,990832542.382129
1747612800000,2497.78,2547.36,2348.38,2528.14,861747.523,1747699199999,2109843607.57,4757453,431712.8465,1057907975.585551
1747699200000,2528.14,2588.63,2442.4,2524.19,676989.1747,1747785599999,1703522806.13,3816684,338210.0092,851893459.669116
1747785600000,2524.19,2615.95,2452.2,2550.99,1095890.2902,1747871999999,2780015740.83,5568312,550624.5604,1397549396.349744
1747872000000,2551.0,2692.99,2544.83,2664.82,852555.6669,1747958399999,2246807632.75,5196535,448569.1098,1182067855.833156
1747958400000,2664.83,2734.23,2498.3,2526.5,971442.4532,1748044799999,2537338702.62,5450420,473528.1684,1237163443.755829
1748044800000,2526.49,2575.85,2515.08,2530.4,257544.2344,1748131199999,656038924.22,2090724,128007.8604,326091787.487667
1748131200000,2530.41,2554.26,2463.0,2551.22,359890.0299,1748217599999,901956598.72,2556052,170482.1859,427565947.988837
1748217600000,2551.22,2599.0,2525.86,2563.7,362971.1182,1748303999999,929347758.92,2374458,175269.0596,448860267.783445
1748304000000,2563.7,2712.36,2509.46,2660.81,798430.8862,1748390399999,2101748442.52,4017588,412557.6256,1085725214.202044
1748390400000,2660.81,2689.14,2608.5,2681.6,560095.6833,1748476799999,1480645502.35,3160462,273261.3831,722627732.75787
1748476800000,2681.61,2788.0,2619.05,2631.39,811567.2545,1748563199999,2189640513.34,4254669,405459.3733,1094147671.84856
1748563200000,2631.39,2649.23,2507.35,2531.34,763045.2564,1748649599999,1976177953.88,4624552,376566.6772,975743608.339547
1748649600000,2531.35,2550.34,2475.33,2528.06,394537.2521,1748735999999,994330383.17,2792146,197180.2806,497000872.324811
1748736000000,2528.06,2547.79,2468.56,2539.21,332021.7088,1748822399999,834842712.28,2210246,165557.314,416473007.507851
1748822400000,2539.2,2615.0,2475.0,2607.41,468889.9737,1748908799999,1184963591.47,3239230,232758.6658,588585524.428128
1748908800000,2607.42,2655.38,2575.0,2593.36,454383.0439,1748995199999,1188862077.1,3098351,228172.36,597147462.454556
1748995200000,2593.35,2679.88,2583.5,2607.68,502494.8214,1749081599999,1321537606.68,2754319,260366.5898,685080028.877307
1749081600000,2607.68,2640.86,2391.66,2414.01,808938.0344,1749167999999,2047572739.9,4181206,378086.6913,958339246.460727
1749168000000,2414.02,2531.36,2381.49,2476.1,578843.4974,1749254399999,1428256037.78,3246760,290586.021,717257126.502031
1749254400000,2476.1,2544.36,2457.0,2524.63,264787.6743,1749340799999,662320802.31,1587509,135613.3419,339037471.977697
1749340800000,2524.64,2548.63,2490.58,2509.83,266474.7139,1749427199999,670516749.06,1401175,135061.7873,339794332.050441
1749427200000,2509.84,2693.99,2477.73,2680.13,568726.3025,1749513599999,1458505754.33,2896758,303579.9958,779517686.549857
1749513600000,2680.13,2827.0,2655.61,2816.4,1138405.4775,1749599999999,3115655145.47,5277581,605348.556,1656990975.326069
1749600000000,2816.41,2879.22,2743.75,2771.61,850210.9324,1749686399999,2388186204.98,4906906,410413.9413,1153264237.421366
1749686400000,2771.6,2784.83,2616.24,2642.65,699593.3757,1749772799999,1905633561.1,4172997,343802.7294,937069085.599158
1749772800000,2642.66,2645.45,2436.98,2579.19,1202176.2972,1749859199999,3033896895.56,6026303,570084.1354,1438866069.089298
1749859200000,2579.19,2579.43,2488.72,2530.76,331438.9278,1749945599999,838399986.46,1988958,155289.4372,393033307.094926
1749945600000,2530.77,2559.51,2492.0,2547.61,299701.6624,1750031999999,758742736.77,1846489,153252.4073,388090718.363716
1750032000000,2547.62,2680.34,2514.85,2544.17,680429.988,1750118399999,1774646762.47,3434185,348962.3301,910684719.14748
1750118400000,2544.17,2618.6,2453.8,2509.95,715930.4081,1750204799999,1815306987.09,4017130,359536.2104,912037726.665479
1750204800000,2509.95,2548.42,2465.78,2525.0,504532.1818,1750291199999,1266177014.47,3243812,250381.7951,628614334.113376
1750291200000,2525.0,2546.91,2485.03,2521.12,252646.059,1750377599999,636251233.01,1667327,122131.8125,307645921.480362
1750377600000,2521.13,2569.0,2367.36,2406.49,632027.8235,1750463999999,1559837109.18,3175602,283785.5071,700887886.0366
1750464000000,2406.49,2448.8,2216.0,2295.73,496783.864,1750550399999,1167664698.58,2825558,223536.0109,525577801.093422
1750550400000,2295.72,2314.48,2111.89,2227.7,840155.8295,1750636799999,1865382440.3,5203723,410219.4606,910717903.71948
1750636800000,2227.7,2438.68,2188.0,2411.66,744583.8003,1750723199999,1707539521.03,4477307,367124.3462,842382247.363266
1750723200000,2411.66,2482.04,2376.11,2448.45,516760.6621,1750809599999,1252322606.09,3133356,255502.6802,619378004.307767
1750809600000,2448.46,2468.69,2389.69,2418.49,414894.7387,1750895999999,1007574107.71,2776920,206517.9982,501745009.719739
1750896000000,2418.5,2520.92,2394.32,2415.96,463704.0261,1750982399999,1138310757.58,2978926,234924.0215,577384294.658558
1750982400000,2415.96,2463.54,2382.53,2423.17,381474.766,1751068799999,927024811.55,2112477,163666.228,397737067.688627
1751068800000,2423.17,2447.8,2405.81,2435.62,155814.9859,1751155199999,378310903.95,855656,75110.0135,182401886.244142
1751155200000,2435.62,2525.0,2412.0,2500.09,284291.8057,1751241599999,700329421.98,1370707,147274.8033,363091989.661933
1751241600000,2500.09,2524.3,2431.0,2485.47,440455.714,1751327999999,1093515997.92,2333352,224857.1016,558417620.217763
1751328000000,2485.47,2500.8,2386.52,2405.01,351951.0868,1751414399999,858543228.33,1978858,158891.8622,387699992.1451
1751414400000,2405.01,2619.28,2373.0,2570.41,634967.0337,1751500799999,1599878809.25,2717139,323198.0206,814743086.674377
1751500800000,2570.41,2635.5,2556.12,2591.25,504943.6592,1751587199999,1308429372.97,2506227,261017.406,676592013.259716
1751587200000,2591.26,2603.17,2474.24,2508.04,452593.02,1751673599999,1142275937.97,1980591,198158.5551,500628761.729327
1751673600000,2508.04,2529.81,2487.95,2516.41,157198.0958,1751759999999,394906375.02,911950,79575.3002,199902327.125929
1751760000000,2516.42,2605.0,2503.5,2570.35,277593.6319,1751846399999,707971625.07,1375995,138516.8522,353423928.298894
1751846400000,2570.35,2590.57,2512.0,2542.29,315707.5272,1751932799999,805370144.47,1985043,155551.5678,396828929.460145
1751932800000,2542.3,2628.21,2523.59,2615.25,370915.7321,1752019199999,957180096.78,1899797,193484.7421,499495444.930149
1752019200000,2615.25,2795.74,2589.78,2768.74,686119.3772,1752105599999,1844561572.91,2997546,357355.9972,961263657.537834
1752105600000,2768.74,3000.0,2755.5,2951.29,951896.07,1752191999999,2707997922.27,4235042,489489.5943,1391543272.394588
1752192000000,2951.29,3040.15,2913.75,2958.22,906839.1689,1752278399999,2704484897.47,4434934,446642.8472,1332154807.314855
1752278400000,2958.21,2979.78,2903.85,2943.28,348884.8877,1752364799999,1027324169.83,1690700,169290.3063,498560502.191284
1752364800000,2943.29,3020.31,2936.49,2972.03,357333.5016,1752451199999,1063507989.98,1778200,181359.7935,539737375.12212
1752451200000,2972.03,3083.0,2962.81,3013.62,815552.6496,1752537599999,2470137078.02,3706161,386886.2252,1172067555.150503
1752537600000,3013.61,3144.14,2932.46,3137.89,863583.7377,1752623999999,2610352115.95,4317422,452826.4011,1369794578.661733
1752624000000,3137.9,3425.0,3101.0,3371.35,1135950.5831,1752710399999,3699155067.27,4381562,586498.6429,1907885299.313174
1752710400000,3371.35,3523.44,3310.77,3476.87,974065.8264,1752796799999,3331779733.26,5025581,483988.5692,1656122659.302883
1752796800000,3476.88,3673.84,3458.68,3546.92,1163823.3977,1752883199999,4180688128.22,5566028,568849.4755,2043472787.034766
1752883200000,3546.92,3608.3,3506.79,3592.01,381791.9213,1752969599999,1360031951.34,2217328,178344.0076,635470858.679646
1752969600000,3592.0,3824.56,3579.13,3756.69,852356.5533,1753055999999,3170505338.4,3794627,443544.9313,1649205513.376342
1753056000000,3756.69,3860.0,3701.01,3762.33,812074.0534,1753142399999,3070256408.92,4156350,385711.4986,1458766820.895454
1753142400000,3762.32,3798.65,3616.54,3746.21,870127.3864,1753228799999,3216022611.72,4455526,418929.4808,1548480285.714007
1753228800000,3746.21,3764.2,3527.0,3628.29,800259.4025,1753315199999,2907900644.92,3761894,369083.3537,1341700552.416428
1753315200000,3628.29,3771.0,3502.85,3706.94,749459.495,1753401599999,2743326751.99,3752613,372725.3177,1364487144.845279
1753401600000,3706.95,3747.0,3573.76,3724.96,764606.7261,1753487999999,2799663682.73,4083119,370298.007,1356082362.396368
1753488000000,3724.97,3793.0,3697.66,3741.1,407259.7024,1753574399999,1525422085.07,1720495,204826.1817,767464713.633392
1753574400000,3741.11,3879.82,3731.0,3872.1,457352.4605,1753660799999,1744992440.59,2299384,230309.3217,878880700.378826
1753660800000,3872.11,3941.0,3754.0,3799.0,620994.7463,1753747199999,2387363538.14,3161770,304037.6074,1169796792.116981
1753747200000,3799.0,3886.44,3716.04,3793.79,584210.4393,1753833599999,2218694085.77,3121489,286292.4572,1088086275.201961
1753833600000,3793.79,3834.03,3677.65,3810.0,525424.9003,1753919999999,1984744001.49,3128399,248999.4482,941064351.695855
1753920000000,3810.0,3878.67,3684.33,3698.39,516088.4503,1754006399999,1961880275.4,2754480,245555.2293,934297246.777987
1754006400000,3698.39,3724.02,3431.75,3488.2,783869.1517,1754092799999,2826423714.24,5288678,361738.0053,1304785660.601062
1754092800000,3488.21,3537.69,3368.29,3393.94,494195.7094,1754179199999,1709705648.16,3703627,231776.9514,802069751.333398
1754179200000,3393.94,3521.79,3354.28,3496.74,296347.6758,1754265599999,1026636932.33,2428479,156807.23,543358817.947113
1754265600000,3496.75,3736.73,3490.73,3720.99,463349.9861,1754351999999,1677819313.33,3316870,241318.7064,873258522.311276
1754352000000,3720.99,3722.24,3546.0,3612.0,489070.9589,1754438399999,1772309727.64,3721006,230213.2832,834391670.474387
1754438400000,3612.01,3698.6,3564.19,3683.31,365309.9205,1754524799999,1326203496.3,2912356,186459.2777,677091112.596109
1754524800000,3683.31,3927.77,3647.63,3910.31,631678.9872,1754611199999,2402252971.43,3495451,344602.949,1310682080.45414
1754611200000,3910.3,4071.0,3880.0,4009.5,723300.0109,1754697599999,2868715363.89,4175115,389637.0166,1545604109.313508
1754697600000,4009.51,4326.2,4006.63,4260.62,691932.1048,1754783999999,2897074775.14,3932997,354396.8092,1482946335.172858
1754784000000,4260.63,4332.6,4153.07,4250.57,494843.8105,1754870399999,2091948332.59,3319102,235841.2963,997589724.686655
1754870400000,4250.58,4366.46,4166.77,4223.22,722664.04,1754956799999,3089081112.55,5162548,360218.2954,1540350244.420612
1754956800000,4223.22,4639.7,4219.04,4590.52,885288.0652,1755043199999,3918279210.05,5104868,460721.2581,2038703612.778519
1755043200000,4590.52,4783.85,4564.33,4749.3,925931.4988,1755129599999,4334944436.91,5293034,476639.1946,2232173733.897734
1755129600000,4749.31,4788.0,4451.33,4546.84,1265449.0453,1755215999999,5853669749.17,6488264,610793.1493,2824145240.890796
1755216000000,4546.84,4672.67,4368.0,4439.47,880409.2591,1755302399999,3978902618.06,5091385,431967.5378,1953497546.872039
1755302400000,4439.47,4490.42,4372.54,4421.99,358676.5884,1755388799999,1587545552.64,2446573,172182.4814,762345533.806514
1755388800000,4422.0,4576.0,4393.98,4472.33,442461.3829,1755475199999,1990037593.51,2844829,216791.6846,975401417.633454
1755475200000,4472.34,4481.88,4225.86,4312.99,823188.1269,1755561599999,3561988639.06,4938429,406762.5481,1759665776.660579
1755561600000,4312.99,4355.0,4067.34,4075.59,831222.7951,1755647999999,3499853674.64,4828050,398237.7389,1679727808.428403
1755648000000,4075.58,4378.0,4060.0,4336.16,728324.8933,1755734399999,3077553918.18,4768196,377599.4336,1596144868.677022
1755734400000,4336.16,4340.26,4204.2,4225.3,433836.3992,1755820799999,1854414176.53,4202357,215637.3352,922109670.926336
1755820800000,4225.3,4887.59,4207.39,4832.07,1277976.63526,1755907199999,5850514269.3,6440351,685989.38976,3139499789.414669
1755907200000,4832.07,4832.07,4659.7,4778.4,512442.0888,1755993599999,2428561923.42,3011610,247002.372,1170650191.938999
1755993600000,4778.4,4956.78,4711.0,4780.15,780668.77842,1756079999999,3755014998.45,4316811,393654.81102,1894436117.270788
1756080000000,4780.15,4797.97,4334.13,4376.18,1043917.1659,1756166399999,4769033242.73,6296796,466034.8159,2129931225.530787
1756166400000,4376.17,4633.46,4311.04,4600.63,834750.2767,1756252799999,3739773474.02,5640502,401376.3087,1798486042.553646
1756252800000,4600.63,4663.93,4481.53,4506.71,606669.3611,1756339199999,2784659238.3,3920404,307736.9098,1412983486.966091
1756339200000,4506.71,4633.97,4430.0,4511.21,485243.4027,1756425599999,2202472276.65,3236156,230509.0927,1046782923.357486
1756425600000,4511.2,4516.75,4265.0,4360.18,679063.8777,1756511999999,2969120530.27,4406428,324223.3629,1417503064.20564
1756512000000,4360.18,4415.61,4257.2,4373.7,340319.1826,1756598399999,1483613909.75,2086140,180789.988,788720330.984074
1756598400000,4373.7,4498.47,4372.63,4391.83,356586.1861,1756684799999,1588952837.43,2221987,183775.3164,819127243.58221
1756684800000,4391.83,4491.84,4210.61,4314.5,513830.0395,1756771199999,2244610986.87,4011776,246147.2654,1075592499.534808
1756771200000,4314.5,4416.78,4257.85,4326.5,524605.0512,1756857599999,2275752549.7,4161006,262315.1298,1138093049.510545
1756857600000,4326.49,4490.64,4283.23,4450.46,487091.6861,1756943999999,2146232316.55,3491341,260805.1318,1150952058.93142
1756944000000,4450.46,4482.05,4265.33,4297.55,471795.7096,1757030399999,2061920365.31,4087637,223178.8479,975391239.955494
1757030400000,4297.56,4490.0,4256.03,4307.45,624169.8754,1757116799999,2722930703.95,4751518,312428.2352,1364013868.120256
1757116800000,4307.46,4329.3,4236.0,4273.14,191166.0686,1757203199999,819243725.21,1711937,90318.6833,387096202.235548
1757203200000,4273.15,4336.02,4270.81,4306.19,169620.8372,1757289599999,729149678.76,1450115,88389.9104,379994466.147124
1757289600000,4306.19,4384.06,4279.0,4306.37,372882.4355,1757375999999,1611402674.92,2889398,185577.5078,801973160.93579
1757376000000,4306.36,4381.87,4276.76,4310.09,405485.7821,1757462399999,1751903233.46,3068397,197329.24,852710674.591241
1757462400000,4310.08,4453.57,4285.1,4349.32,506633.9098,1757548799999,2207912091.69,3221192,275693.6907,1201067542.577108
1757548800000,4349.33,4481.09,4338.82,4458.82,441259.6649,1757635199999,1949893256.34,3446340,233524.3882,1032162722.674102
1757635200000,4458.83,4748.4,4450.71,4712.16,510777.5402,1757721599999,2337299050.1,3859691,260127.4464,1190623320.120003
1757721600000,4712.16,4769.36,4605.0,4666.53,394393.6869,1757807999999,1850836179.98,2711137,194348.8388,912698240.496336
1757808000000,4666.54,4692.36,4576.89,4604.49,278244.3205,1757894399999,1287527692.95,2561665,119825.8078,554538161.069432
1757894400000,4604.48,4670.28,4466.0,4523.74,412291.9687,1757980799999,1874781946.02,3889905,203592.7664,925893860.09543
1757980800000,4523.74,4538.25,4424.0,4501.29,293307.1099,1758067199999,1315498731.65,2967454,149843.5255,671943724.597036
1758067200000,4501.3,4616.77,4412.0,4590.53,476981.4561,1758153599999,2149457762.91,3859374,239986.8267,1081954417.390737
1758153600000,4590.54,4644.47,4553.7,4587.66,290660.377,1758239999999,1336761563.7,2922079,146325.1789,673188179.996935
1758240000000,4587.66,4620.72,4435.7,4468.59,331611.1482,1758326399999,1495953132.1,2302227,143873.0695,649024828.894893
1758326400000,4468.59,4508.71,4454.45,4480.42,130781.913,1758412799999,585813348.77,1094083,65379.0397,292888970.600943
1758412800000,4480.41,4498.16,4443.0,4444.97,149349.8262,1758499199999,668077573.11,1098813,74558.8041,333524523.784046
1758499200000,4444.98,4455.76,4077.0,4199.08,708243.2348,1758585599999,2991392446.13,4143966,343579.0176,1450404524.234355
1758585600000,4199.09,4229.03,4114.39,4164.26,315227.9057,1758671999999,1318382529.13,3449275,157024.3339,656858840.051957
1758672000000,4164.25,4206.9,4073.74,4152.81,353665.5671,1758758399999,1472276097.67,3119658,166727.3367,694041084.405745
1758758400000,4152.81,4161.04,3815.0,3874.36,930327.6951,1758844799999,3702962412.92,7611345,441393.5543,1756048962.795275
1758844800000,3874.35,4068.3,3867.65,4032.24,575711.0859,1758931199999,2275867014.05,5466636,307750.3457,1216442944.06247
1758931200000,4032.24,4039.01,3972.98,4018.38,172693.2638,1759017599999,692281857.21,1940113,79817.4035,320025622.513547
1759017600000,4018.39,4144.88,3966.0,4142.16,240331.8589,1759103999999,972239151.63,2500609,140010.7323,566880552.499075
1759104000000,4142.16,4235.86,4082.25,4215.07,380728.6784,1759190399999,1580732256.8,3612246,199061.7147,826365235.842847
1759190400000,4215.07,4245.0,4092.1,4145.15,391126.6172,1759276799999,1625808124.64,4118784,181458.9958,754666917.727574
1759276800000,4145.15,4355.46,4123.08,4348.03,507026.3822,1759363199999,2165739972.37,4138481,247673.9891,1059254829.127008
1759363200000,4348.03,4516.74,4332.73,4484.35,526411.1571,1759449599999,2322911121.29,4441183,270113.997,1192562119.649421
1759449600000,4484.35,4591.59,4428.0,4512.87,485684.0267,1759535999999,2184423024.58,5149648,234630.1499,1055644644.394335
1759536000000,4512.88,4517.93,4440.0,4487.15,199732.7088,1759622399999,895195711.88,2252261,90161.8179,404217765.196633
1759622400000,4487.16,4618.17,4467.05,4514.32,506587.9614,1759708799999,2305062852.19,3791095,265246.9061,1206877173.081055
1759708800000,4514.32,4735.93,4488.25,4684.01,456200.6528,1759795199999,2107882753.61,4677655,235462.9488,1087700705.075086
1759795200000,4684.02,4755.0,4430.43,4447.7,640685.9319,1759881599999,2946435862.4,6028668,308407.6086,1419710155.477069
1759881600000,4447.7,4558.0,4410.08,4525.72,399904.3287,1759967999999,1791815622.64,4771608,205585.7695,921332896.435835
1759968000000,4525.72,4531.52,4265.06,4368.09,515978.1829,1760054399999,2257574038.67,5181361,242773.6384,1060847514.335138
1760054400000,4368.09,4393.63,3435.0,3829.72,1493971.0244,1760140799999,5954598988.69,12594514,680600.6897,2723566227.172543
1760140800000,3829.72,3878.3,3643.33,3746.79,789885.6582,1760227199999,2994511140.41,8794145,362107.5901,1373206442.87708
1760227200000,3746.8,4197.7,3694.74,4152.29,811308.152,1760313599999,3213401552.27,8286691,406500.5487,1607458765.920295
1760313600000,4152.29,4292.0,4042.29,4240.85,622813.9247,1760399999999,2590697041.48,8321249,302948.0094,1261092410.082509
1760400000000,4240.86,4263.38,3888.74,4125.02,962996.7658,1760486399999,3894019260.95,10714712,500346.6817,2021620281.207955
1760486400000,4125.01,4217.6,3926.74,3985.61,626081.6966,1760572799999,2543782117.97,7421801,313175.5389,1273392874.002121
1760572800000,3985.61,4086.49,3826.04,3894.51,643804.6163,1760659199999,2552218455.02,8451902,319663.4266,1268557283.411159
1760659200000,3894.5,3950.45,3674.5,3831.57,830127.0885,1760745599999,3147006926.52,9412569,421727.0445,1597875952.217623
1760745600000,3831.58,3927.73,3819.07,3889.21,250710.6121,1760831999999,971616631.64,3174247,123527.728,478841122.02979
1760832000000,3889.2,4030.94,3827.04,3982.58,408538.2545,1760918399999,1609546719.15,4377250,210770.829,830019862.215925
1760918400000,3982.58,4085.3,3908.73,3979.22,511382.3301,1761004799999,2049366257.29,5803391,237126.1851,950802301.277708
1761004800000,3979.22,4110.0,3840.24,3873.05,590594.1382,1761091199999,2335723187.68,7015049,279785.5053,1107257090.995763
1761091200000,3873.04,3889.27,3710.0,3805.53,593130.0905,1761177599999,2268706650.11,6834244,263582.8173,1008334927.99178
1761177600000,3805.53,3934.86,3796.54,3856.8,477231.0181,1761263999999,1842438997.01,4206428,210507.9739,813180072.006933
1761264000000,3856.8,4026.39,3845.86,3934.88,425926.9383,1761350399999,1676037250.1,4291705,217754.8375,857155216.561159
1761350400000,3934.88,3969.22,3912.4,3953.82,138526.3338,1761436799999,545722019.68,1476147,67667.2793,266617187.890661
1761436800000,3953.81,4178.78,3919.03,4158.46,344698.0918,1761523199999,1396836816.69,3249487,173720.1856,703491084.262075
1761523200000,4158.46,4253.72,4095.0,4120.15,487131.2291,1761609599999,2035684992.6,5081784,248999.9729,1040497593.800265
1761609600000,4120.16,4175.55,3931.33,3979.2,472965.8377,1761695999999,1926589295.49,5061999,222962.1579,908763052.717048
1761696000000,3979.19,4036.66,3840.37,3902.99,486452.3127,1761782399999,1925328091.83,5571627,230694.78,913403769.324608
1761782400000,3903.0,3948.74,3680.0,3805.09,531455.9923,1761868799999,2028708564.22,6906431,253157.6828,966915641.09658
1761868800000,3804.95,3906.09,3796.36,3847.99,478636.2995,1761955199999,1843471240.95,5000695,263997.8361,1017255899.859766
1761955200000,3848.0,3909.39,3831.0,3873.77,152998.1626,1762041599999,592459458.76,1840903,75638.8612,292912520.170275
1762041600000,3873.78,3918.23,3839.12,3906.58,216083.1542,1762127999999,837354910.69,2433160,115417.9205,447423699.373431
1762128000000,3906.58,3914.29,3558.82,3603.83,877187.3852,1762214399999,3238285047.51,7464333,396065.9448,1462435750.935427
1762214400000,3603.84,3654.54,3057.0,3287.05,1568004.2379,1762300799999,5314450723.76,10283812,730780.3823,2476934144.731218
1762300800000,3287.05,3480.46,3166.66,3424.29,809591.5132,1762387199999,2699190339.15,6935719,421218.8965,1403027181.859867
1762387200000,3424.29,3456.46,3245.45,3315.14,566363.7003,1762473599999,1896818057.21,6422367,278569.8569,932497460.957171
1762473600000,3315.14,3473.0,3194.2,3436.05,683417.3854,1762559999999,2269770217.24,7139239,352056.0459,1169901356.913121
1762560000000,3436.04,3488.0,3355.58,3401.51,291532.2881,1762646399999,997076516.09,3661341,144818.0207,495545476.057333
1762646400000,3401.51,3623.25,3358.66,3583.46,464098.052,1762732799999,1616068059.83,4471232,255287.6113,888865168.926934
1762732800000,3583.46,3658.98,3507.3,3567.85,595273.0298,1762819199999,2130222587.62,5374965,288985.1178,1035700899.574761
1762819200000,3567.85,3648.27,3405.24,3417.76,660283.2747,1762905599999,2334219569.46,6239855,279975.2724,988115425.798087
1762905600000,3417.76,3588.19,3371.65,3414.92,553101.9368,1762991999999,1913040553.62,5915987,269502.1432,932258100.373958
1762992000000,3414.91,3565.84,3154.22,3231.54,951989.1347,1763078399999,3206643011.08,8109562,479288.7197,1611512971.446227
1763078400000,3231.55,3256.71,3070.0,3112.4,890446.1491,1763164799999,2825408309.93,9563602,444168.0228,1410419310.962096
1763164800000,3112.4,3230.0,3110.68,3167.88,338463.4782,1763251199999,1076796729.1,3329279,178961.8223,569908112.717186
1763251200000,3167.87,3249.0,3004.0,3095.29,570633.5809,1763337599999,1779987722.71,5709385,287844.8346,899323831.841917
1763337600000,3095.29,3223.38,2959.46,3031.44,762500.4289,1763423999999,2363337280.77,7450569,387414.7425,1201427058.002213
1763424000000,3031.44,3169.95,2946.56,3123.66,766640.1058,1763510399999,2340587460.8,7615241,403280.7886,1232613020.736247
1763510400000,3123.65,3125.54,2873.64,3025.48,737926.7146,1763596799999,2216678695.22,7164222,360036.5459,1081978073.162999
1763596800000,3025.48,3063.61,2790.01,2834.22,912524.3718,1763683199999,2661800409.34,7127439,428888.8725,1252889590.169883
1763683200000,2834.21,2886.73,2623.57,2765.85,1180475.4085,1763769599999,3236847819.48,10064748,547922.1099,1502813541.495193
1763769600000,2765.86,2799.01,2704.33,2770.12,264691.3089,1763855999999,726992504.45,3610746,130783.3858,359293974.593027
1763856000000,2770.12,2858.16,2768.29,2802.16,409808.5734,1763942399999,1154902366.82,3902263,206241.2795,581290867.286262
1763942400000,2802.16,2987.0,2763.0,2953.38,715279.7551,1764028799999,2052356496.55,5727108,341887.1162,979551492.849392
1764028800000,2953.38,2980.82,2857.32,2959.36,427686.4528,1764115199999,1246454120.37,4418266,202476.6298,590249449.813369
1764115200000,2959.36,3045.0,2888.69,3026.56,364535.326,1764201599999,1079536972.46,3911013,171996.0241,509726234.870356
1764201600000,3026.56,3071.37,2985.78,3015.23,274980.3955,1764287999999,831942752.1,2917476,127744.67,386552391.784535
1764288000000,3015.23,3099.0,2994.36,3031.15,346616.0275,1764374399999,1053857760.71,3662478,172614.6176,525060095.641535
1764374400000,3031.14,3052.64,2961.91,2989.16,217904.1303,1764460799999,654348734.6,1930588,93034.0164,279413777.604877
1764460800000,2989.17,3053.02,2975.3,2991.26,182722.4253,1764547199999,551904047.43,1896781,87143.6579,263255693.67659
1764547200000,2991.25,2999.47,2716.04,2799.07,849002.9909,1764633599999,2386884973.98,7108249,383330.5081,1076737868.245771
1764633600000,2799.07,3033.76,2782.19,2996.07,523707.3586,1764719999999,1528447401.32,5821936,263958.3576,770318630.307678
1764720000000,2996.07,3214.99,2985.58,3188.36,553669.8146,1764806399999,1713587615.13,6210489,280795.7429,869390296.032023
1764806400000,3188.39,3240.35,3066.37,3133.26,486698.3987,1764892799999,1543790061.95,6357509,238177.9812,755733360.549938
1764892800000,3133.26,3193.33,2983.08,3021.78,530382.8986,1764979199999,1639255389.99,6012408,259028.7578,799899847.557016
1764979200000,3021.77,3069.0,3012.58,3038.06,159721.2488,1765065599999,485368537.24,2244070,75279.0803,228817367.459284
1765065600000,3038.06,3150.0,2907.52,3059.85,391129.675,1765151999999,1186332501.65,4277667,186555.6398,565678531.959395
1765152000000,3059.86,3180.51,3040.87,3124.16,452820.2207,1765238399999,1415589445.04,6327207,224225.6496,701178219.819795
1765238400000,3124.16,3397.85,3090.8,3318.04,603859.9458,1765324799999,1962292840.77,6993282,280409.759,911911294.837155
1765324800000,3318.04,3447.44,3288.1,3324.14,539585.4535,1765411199999,1810738811.74,7155428,265501.8458,891358758.833009
1765411200000,3324.14,3327.37,3145.28,3237.39,504114.2391,1765497599999,1619734578.21,7267153,239375.5443,768839628.956444
1765497600000,3237.38,3265.5,3045.31,3084.86,435686.4435,1765583999999,1371414759.86,5948483,204665.1471,643771575.254284
1765584000000,3084.86,3135.68,3078.6,3114.64,136465.7567,1765670399999,423920604.04,1855254,66698.6327,207214417.642375
1765670400000,3114.64,3129.54,3024.44,3063.5,279058.3545,1765756799999,862072488.53,3511048,122884.5661,379597137.014435
1765756800000,3063.49,3177.5,2894.57,2964.85,520509.9555,1765843199999,1579982448.24,7417115,260217.0331,790063852.031119
1765843200000,2964.85,2981.87,2876.0,2962.3,378293.1159,1765929599999,1111582164.8,6669623,177353.9948,521322317.103601
1765929600000,2962.3,3030.92,2791.02,2833.49,497630.4162,1766015999999,1446107029.75,6532843,241806.4338,702713292.875421
1766016000000,2833.5,2997.4,2775.19,2828.57,595253.7997,1766102399999,1712688363.64,7801439,297647.5456,856465294.377289
1766102400000,2828.56,3020.0,2808.63,2979.5,531702.5439,1766188799999,1565878519.32,6948512,265654.992,782773695.892576
1766188800000,2979.49,2994.41,2964.17,2977.93,91783.7734,1766275199999,273573678.21,1350111,40641.5192,121155599.008529
1766275200000,2977.93,3013.4,2944.0,3002.02,162244.8067,1766361599999,483780019.53,2474808,78868.2879,235186765.372176
1766361600000,3002.03,3077.39,2963.43,3009.49,298443.5633,1766447999999,903056984.47,5452069,142983.3689,432713971.599364
1766448000000,3009.48,3035.79,2900.93,2965.02,386465.747,1766534399999,1143899253.06,4824322,206394.4595,610982176.714151
1766534400000,2965.03,2978.15,2888.7,2947.47,197035.5598,1766620799999,578209287.86,3194683,101402.5429,297704426.144271
1766620800000,2947.48,2971.46,2891.2,2903.95,188721.2981,1766707199999,554690625.49,2183611,85987.392,252678463.929107
1766707200000,2903.9,2994.38,2894.26,2927.99,314830.9989,1766793599999,928357784.22,4062164,159371.2995,469784292.6982
1766793600000,2928.0,2960.89,2917.13,2949.05,95040.3956,1766879999999,278706096.33,1004396,43285.9713,126936744.905573
1766880000000,2949.05,2961.23,2924.54,2950.91,128834.139,1766966399999,379078145.43,1484510,65373.9915,192352556.018686
1766966400000,2950.91,3057.78,2910.25,2937.9,485959.1824,1767052799999,1447180217.93,5162535,233555.1583,694845447.761885
1767052800000,2937.91,3009.8,2919.44,2973.69,286583.2879,1767139199999,851498558.49,3959890,146128.2348,434231190.136072
1767139200000,2973.69,3028.08,2958.91,2971.64,233729.5887,1767225599999,697600045.7,2935432,116217.5263,346891301.180933
1767225600000,2971.65,3010.0,2971.15,3004.19,136088.5207,1767311999999,406547667.1,1338212,66477.086,198558579.194668
1767312000000,3004.19,3150.01,2992.49,3125.45,369891.2449,1767398399999,1137619077.2,5276480,195057.0391,599510476.371968
1767398400000,3125.46,3136.71,3076.0,3127.11,134405.2258,1767484799999,417746796.51,1823251,66789.8067,207586674.464872
1767484800000,3127.11,3167.22,3118.75,3144.7,181576.0686,1767571199999,570517585.65,2261499,94783.8698,297836974.892677
1767571200000,3144.71,3265.66,3135.02,3224.99,382446.6618,1767657599999,1219648843.48,5401982,188956.4336,602755810.620799
1767657600000,3224.99,3308.86,3183.27,3296.84,412503.5066,1767743999999,1340863819.95,5310071,204316.7995,664312441.651169
1767744000000,3296.83,3296.84,3125.42,3168.72,321350.1225,1767830399999,1027448724.69,4839276,154644.9184,494179925.689907
1767830400000,3168.72,3184.39,3054.65,3106.65,343616.1005,1767916799999,1069846020.04,4982423,167834.9366,522450484.02997
1767916800000,3106.66,3148.41,3058.69,3088.4,274587.4533,1768003199999,851846982.93,4182570,137269.6714,426011198.68438
1768003200000,3088.4,3104.12,3077.99,3086.72,82341.0546,1768089599999,254495724.0,881069,44689.1628,138130908.825049
1768089600000,3086.72,3147.27,3084.46,3123.45,149381.2965,1768175999999,465227647.58,1522502,77521.2191,241470651.783173
1768176000000,3123.46,3171.49,3065.55,3095.75,297373.4681,1768262399999,928024542.3,4303605,145169.9489,453140052.754557
1768262400000,3095.75,3367.79,3091.96,3325.82,457782.2816,1768348799999,1470983302.12,4876916,239733.9448,769970312.592286
1768348800000,3325.83,3402.89,3280.48,3354.92,503440.0759,1768435199999,1682648500.34,5351410,242601.2111,811091133.793289
1768435200000,3354.92,3384.19,3273.72,3318.69,389993.836,1768521599999,1296628250.57,4766390,182106.0811,605761505.416469
1768521600000,3318.7,3326.79,3253.01,3296.28,223921.7876,1768607999999,737278508.75,3528248,109159.1615,359334304.757938
1768608000000,3296.28,3330.26,3283.96,3310.56,124325.0303,1768694399999,411508868.39,1229614,68643.5852,227299910.454937
1768694400000,3310.56,3368.82,3278.86,3284.03,173354.3026,1768780799999,576301516.53,2227452,93056.7992,309424972.081588
1768780800000,3284.04,3284.58,3165.38,3189.55,442540.5596,1768867199999,1421588263.9,4406164,225707.6739,725130247.584568
1768867200000,3189.56,3200.5,2920.0,2939.88,518166.4787,1768953599999,1586973026.81,7228638,251605.1302,770975910.793193
1768953600000,2939.88,3069.07,2866.11,2982.27,577800.2481,1769039999999,1712903183.81,8064316,296961.807,880621251.790689
1769040000000,2982.28,3038.33,2906.02,2952.69,291660.7349,1769126399999,867206892.24,4696521,144410.7947,429371629.050317
1769126400000,2952.7,3019.26,2892.4,2956.41,318415.3317,1769212799999,939757975.67,5479038,159251.2529,470264718.669184
1769212800000,2956.41,2970.41,2943.84,2953.22,92082.9039,1769299199999,272517275.86,1185149,41483.2107,122751060.758119
1769299200000,2953.23,2960.29,2787.0,2816.89,380186.5326,1769385599999,1088137895.95,4637787,165133.7717,473021399.881065
1769385600000,2816.9,2951.21,2812.37,2930.35,485169.3372,1769471999999,1405058143.58,5933570,239396.1448,693731253.124194
1769472000000,2930.35,3035.08,2899.77,3026.77,478792.3988,1769558399999,1416537368.43,5278439,229630.1728,679191460.936592
1769558400000,3026.77,3045.78,2983.67,3010.78,296607.6549,1769644799999,894057677.74,5061029,154557.6064,465946305.94887
1769644800000,3010.78,3013.5,2754.53,2822.59,561288.5979,1769731199999,1601894306.04,6779608,270939.8171,772718271.379958
1769731200000,2822.6,2828.65,2636.01,2707.38,793279.6252,1769817599999,2161851949.09,10661631,388766.163,1059467300.875251
1769817600000,2707.37,2714.64,2250.0,2451.95,1113097.7132,1769903999999,2759353621.32,9305297,520430.2055,1291798679.952669
1769904000000,2451.96,2475.98,2222.0,2270.15,1026573.9466,1769990399999,2412828498.63,11038637,455879.6449,1069127421.804749
1769990400000,2270.16,2396.62,2157.14,2347.02,1248535.2114,1770076799999,2842177286.24,11149156,614416.942,1398079659.353768
1770076800000,2347.01,2359.88,2110.0,2233.72,1321099.3867,1770163199999,2981630480.12,11643770,666418.2157,1505015892.495484
1770163200000,2233.72,2295.74,2076.68,2148.26,1264743.43,1770249599999,2756607838.33,10912540,609896.0952,1325924462.845477
1770249600000,2148.25,2173.77,1818.18,1826.83,1952286.6951,1770335999999,3895174109.79,13667587,967965.2824,1933830694.362923
1770336000000,1826.83,2093.94,1747.8,2063.38,2102311.5573,1770422399999,4099448671.01,12362731,1189792.5763,2323481388.750452
1770422400000,2063.37,2121.7,1994.57,2087.08,1142616.4487,1770508799999,2350131251.11,7938360,548585.9421,1128556150.777751
1770508800000,2087.08,2152.03,2064.1,2089.74,482837.2515,1770595199999,1015368967.86,4379045,228020.7596,479809411.995975
1770595200000,2089.73,2147.73,2008.62,2105.02,625378.5569,1770681599999,1299316807.81,6331904,315446.5313,655569971.226274
1770681600000,2105.02,2124.71,1989.38,2022.67,574321.6908,1770767999999,1163710989.71,5159394,276990.265,560975011.04426
1770768000000,2022.67,2032.31,1903.19,1941.18,529655.8177,1770854399999,1036100476.1,6450810,259017.7416,506650635.748852
1770854400000,1941.19,2001.42,1897.24,1947.85,427567.1469,1770940799999,833481568.53,5262808,212467.499,414232137.149514
1770940800000,1947.85,2073.68,1924.72,2048.72,425649.7698,1771027199999,850907791.21,4695571,215643.6192,431290771.892009
1771027200000,2048.72,2107.67,2042.37,2086.59,220677.2355,1771113599999,458319230.49,2720271,110065.542,228627817.282618
1771113600000,2086.59,2103.32,1928.88,1966.58,834778.0952,1771199999999,1680654508.88,5864311,323503.2298,651093452.905736
1771200000000,1966.59,2023.51,1937.24,1998.33,351347.9433,1771286399999,694116360.94,4476026,178158.7858,352070618.301827
1771286400000,1998.34,2015.33,1941.66,1991.66,406246.9427,1771372799999,804961298.71,6420841,196947.7031,390162604.367408
1771372800000,1991.67,2039.05,1923.78,1955.91,393639.0086,1771459199999,778491630.6,5176537,191523.6119,378687588.779843
1771459200000,1955.9,1987.55,1907.0,1949.08,300257.0733,1771545599999,583869775.95,3793608,142030.3122,276036975.737437
1771545600000,1949.08,1981.18,1922.97,1968.88,386253.5557,1771631999999,755968932.47,3948261,186424.2257,364867772.122704
1771632000000,1968.88,1995.56,1955.62,1973.35,179173.8456,1771718399999,354489354.65,1362230,91535.9107,181134209.820953
1771718400000,1973.35,1983.13,1935.0,1957.82,155325.6482,1771804799999,304517550.3,1850073,77240.1124,151464074.945039
1771804800000,1957.82,1958.33,1837.13,1856.3,547359.4869,1771891199999,1031859704.05,6684753,266498.7851,502378481.411939
1771891200000,1856.3,1869.58,1800.0,1851.94,438064.0284,1771977599999,804280693.83,6607359,205850.4101,378122255.429729
1771977600000,1851.95,2148.39,1846.74,2057.48,682979.4378,1772063999999,1366356333.15,9024746,343230.549,686156732.823848
1772064000000,2057.48,2083.33,1975.35,2027.68,439783.3566,1772150399999,897062353.24,7142316,224781.9099,458691743.982327
1772150400000,2027.68,2063.52,1887.0,1929.84,428687.234,1772236799999,846919721.88,5213158,214287.6264,422880876.500186
1772236800000,1929.84,1984.99,1835.36,1964.51,461680.9835,1772323199999,877128283.23,6186042,229978.4238,437053523.083052
1772323200000,1964.51,2054.8,1907.41,1939.71,529196.8464,1772409599999,1051030823.79,6616298,254547.6476,505531901.718655
1772409600000,1939.71,2090.0,1920.0,2027.35,577406.3749,1772495999999,1154427554.49,9343785,299199.2494,598658734.971255
1772496000000,2027.34,2041.48,1929.56,1982.8,509329.8534,1772582399999,1007923347.11,8311355,254251.3309,503251034.902722
1772582400000,1982.81,2199.0,1945.08,2127.28,737644.8152,1772668799999,1537991054.0,9527323,368171.8559,767713624.115772
1772668800000,2127.28,2163.66,2054.75,2072.86,432157.8126,1772755199999,909578852.99,6753565,205453.4958,432642648.347527
1772755200000,2072.86,2093.33,1955.95,1978.68,411597.7569,1772841599999,831917068.63,5601424,197603.9435,399155087.071218
1772841600000,1978.68,1996.04,1948.09,1969.59,184459.82,1772927999999,364529234.79,2029543,89270.3932,176467060.503114
1772928000000,1969.6,1979.8,1916.14,1937.1,391189.7317,1773014399999,761435521.24,4044585,190729.8992,371905575.962306
1773014400000,1937.11,2053.52,1929.65,1992.98,550825.4883,1773100799999,1102883352.28,6360581,282877.29,566353976.452963
1773100800000,1992.97,2088.19,1991.0,2036.51,463411.8739,1773187199999,948509257.03,5226998,240013.7173,491126376.680953
1773187200000,2036.5,2085.58,2007.17,2051.97,350061.256,1773273599999,717032957.21,4730286,172446.7326,353640487.903065
1773273600000,2051.97,2095.0,2017.59,2073.52,400507.8132,1773359999999,824458252.13,4757775,196694.8334,404852828.040824
1773360000000,2073.51,2209.03,2070.12,2092.22,599657.0399,1773446399999,1279403180.49,6138489,300361.2151,641144458.022528
1773446400000,2092.21,2106.09,2061.6,2096.16,152500.5822,1773532799999,317648583.84,1584458,73409.361,152930062.524787
1773532800000,2096.16,2202.87,2083.35,2178.3,280825.9377,1773619199999,598811241.3,3001730,146142.3746,311760540.134007
1773619200000,2178.29,2386.02,2164.73,2352.97,845892.7756,1773705599999,1930037154.48,7409311,445819.396,1017103594.869559
1773705600000,2352.97,2376.66,2294.15,2317.39,493831.1016,1773791999999,1152094007.67,5596636,240136.5065,560589683.752158
1773792000000,2317.38,2350.0,2153.21,2203.39,488040.8887,1773878399999,1091022905.1,5684937,232364.5906,519214878.002058
1773878400000,2203.39,2233.72,2099.38,2137.81,490791.679,1773964799999,1055407061.66,6142160,235483.1788,506383264.144461
1773964800000,2137.82,2176.84,2116.88,2146.22,300156.1778,1774051199999,642995528.13,4595372,162200.144,347562186.59691
1774051200000,2146.21,2168.27,2070.78,2084.87,132559.4646,1774137599999,283144610.72,1375463,63249.5812,135224634.234885
1774137600000,2084.86,2127.21,2026.0,2053.89,313070.5572,1774223999999,650684776.66,3577857,154345.7056,320941884.725678
1774224000000,2053.9,2198.57,2023.04,2152.03,614508.4369,1774310399999,1308899803.02,7349668,310239.9864,660782033.700741
1774310400000,2152.03,2175.16,2103.02,2156.23,316703.4728,1774396799999,678105646.81,4633093,152304.1675,326179427.042751
1774396800000,2156.22,2199.02,2146.35,2169.02,275641.5255,1774483199999,599018681.17,3492121,139003.4847,302159076.486272
1774483200000,2169.02,2172.19,2034.54,2060.43,338010.6238,1774569599999,705496760.97,3890747,171588.2134,357646756.153379
1774569600000,2060.43,2077.19,1970.93,1992.75,394873.5248,1774655999999,794108629.01,3909237,206051.2798,414754558.991471
1774656000000,1992.76,2047.45,1983.17,1994.74,154831.8055,1774742399999,311328052.15,1569810,86378.919,173673147.48441
1774742400000,1994.74,2019.65,1938.82,1984.64,166726.7382,1774828799999,331249654.03,2049808,87697.2438,174245244.856979
1774828800000,1984.65,2085.0,1980.28,2026.48,338304.4344,1774915199999,691966365.08,3886546,174062.2111,355924242.290809
1774915200000,2026.48,2124.03,2012.64,2105.43,421897.9023,1775001599999,874387220.21,5013796,218379.1286,452866534.126971
1775001600000,2105.43,2167.85,2082.08,2140.35,399227.3779,1775087999999,852017259.88,4211533,203721.1114,434880842.712559
1775088000000,2140.35,2159.37,2017.04,2057.17,346872.8323,1775174399999,716548524.67,4462923,161146.8702,332893735.583132
1775174400000,2057.18,2081.76,2040.66,2053.83,136266.6393,1775260799999,280140562.11,1741595,64849.8016,133339039.25233
1775260800000,2053.83,2084.0,2044.63,2065.52,86504.4406,1775347199999,178054334.0,1246022,42789.6573,88100430.809662
1775347200000,2065.51,2123.49,2021.5,2110.17,157353.3199,1775433599999,324727424.31,2504865,78363.4974,161754815.545079
1775433600000,2110.17,2174.79,2087.5,2107.16,356054.2894,1775519999999,761391237.67,5330366,180414.5093,385813662.231182
1775520000000,2107.16,2273.87,2060.24,2240.01,460094.8093,1775606399999,986211206.78,5189711,239252.9777,513077515.537625
1775606400000,2240.01,2270.55,2179.78,2190.0,404717.6321,1775692799999,902920921.75,4339985,190983.3243,426109014.229703
1775692800000,2190.0,2246.0,2157.31,2190.2,275317.9503,1775779199999,604408302.67,3756386,135540.5413,297732725.565674
1775779200000,2190.17,2257.99,2176.1,2245.05,272899.0858,1775865599999,605992300.08,2929213,132077.3122,293534507.028314
1775865600000,2245.06,2329.93,2229.0,2284.99,214785.4039,1775951999999,488370993.15,1929651,107238.9877,243918090.904994
1775952000000,2285.0,2288.57,2175.0,2191.65,258156.8821,1776038399999,571520838.84,2575808,125658.2437,278162577.109033
1776038400000,2191.64,2394.71,2175.68,2369.46,453870.8292,1776124799999,1029253015.59,4527557,234599.9045,531843331.731738
1776124800000,2369.46,2415.5,2302.9,2322.44,460107.3841,1776211199999,1087699649.07,3689565,226148.4763,534958937.284315
1776211200000,2322.44,2385.61,2308.5,2359.95,268190.6377,1776297599999,627841344.48,3232871,126442.7153,295982409.848983
1776297600000,2359.94,2369.59,2285.1,2348.17,328960.9377,1776383999999,767882725.89,3793210,155922.2439,363994207.031231
1776384000000,2348.16,2464.91,2317.43,2419.0,491731.3615,1776470399999,1182467392.61,4541654,252564.9694,607785958.798977
1776470400000,2419.0,2427.64,2339.92,2350.32,221741.3888,1776556799999,526019366.78,2045925,98727.0694,234161468.610884
1776556800000,2350.33,2355.3,2252.72,2263.27,256086.8276,1776643199999,591108513.09,2728260,119800.9019,276635006.888945
1776643200000,2263.28,2346.78,2259.67,2313.85,301000.0659,1776729599999,694052197.98,3751621,149027.6285,343672032.590961
1776729600000,2313.84,2338.75,2284.19,2327.14,226645.977,1776815999999,524186949.64,3398934,108621.4578,251286503.845979
1776816000000,2327.15,2423.75,2312.95,2374.07,379707.1259,1776902399999,906985929.2,4230243,191758.2678,457996923.49354
1776902400000,2374.08,2382.0,2285.42,2330.26,356645.6923,1776988799999,831612346.68,4079579,169637.8993,395788711.633604
1776988800000,2330.27,2337.5,2300.22,2314.99,183887.6181,1777075199999,426084826.22,2413824,88184.8381,204323992.883765
1777075200000,2314.98,2323.21,2300.55,2319.5,68139.2191,1777161599999,157673587.54,658757,33589.8529,77727130.994055
1777161600000,2319.49,2380.0,2306.72,2369.44,154591.6219,1777247999999,363039217.94,1508570,76876.1717,180579327.354915
1777248000000,2369.45,2404.37,2266.09,2303.67,300363.8586,1777334399999,697653543.1,3192282,143798.2975,334290742.028397
1777334400000,2303.66,2310.88,2258.24,2289.42,187932.2201,1777420799999,429094630.51,2346992,94578.0797,215948355.744806
1777420800000,2289.42,2346.95,2220.36,2252.9,355078.1015,1777507199999,811555243.53,3588292,178999.8027,409301744.342773
1777507200000,2252.9,2279.0,2231.64,2257.51,167194.2776,1777593599999,377557889.67,2649837,83993.1124,189738754.617926
1777593600000,2257.51,2325.28,2257.21,2295.63,191082.555,1777679999999,438751255.83,1805481,89533.7329,205580455.528971
1777680000000,2295.63,2343.6,2292.91,2316.97,85588.4724,1777766399999,197914496.94,870699,45662.7959,105649979.74995
1777766400000,2316.97,2356.92,2297.59,2322.65,151074.4342,1777852799999,351370000.02,1374290,74492.1738,173304008.274475
1777852800000,2322.65,2398.93,2309.24,2347.16,453020.7985,1777939199999,1067990750.07,4137093,220556.484,519975851.029142
1777939200000,2347.17,2399.5,2344.93,2360.77,286636.7312,1778025599999,681480549.11,2512190,139328.0697,331307244.778156
1778025600000,2360.76,2423.74,2338.0,2350.84,420667.3161,1778111999999,999441628.42,3062625,193007.5534,459022962.968137
1778112000000,2350.84,2352.3,2280.1,2291.06,469521.9378,1778198399999,1084720938.61,3191083,177521.5123,410305896.179507
1778198400000,2291.06,2321.22,2265.61,2307.06,421035.1582,1778284799999,964540001.64,2568056,164773.9995,377287682.73126
1778284800000,2307.07,2338.37,2300.0,2326.44,230431.157,1778371199999,534441724.1,1248625,90960.5803,210978434.967519
1778371200000,2326.43,2382.53,2311.83,2371.27,398122.8623,1778457599999,933278254.43,2272749,219121.332,514296301.197561
1778457600000,2371.26,2374.92,2304.0,2339.87,236962.0552,1778543999999,553428064.25,2594593,103490.2032,241738239.910142
1778544000000,2339.88,2340.85,2256.27,2274.96,252981.1082,1778630399999,579204959.8,2520381,112560.2947,257748542.882055
1778630400000,2274.97,2323.36,2234.13,2258.65,258455.7299,1778716799999,587994702.42,2145600,124180.3611,282671652.633523
1778716800000,2258.66,2269.37,2238.64,2252.36,31150.6346,1778803199999,70285830.99,403487,12898.158,29099885.307842
